--------------------------------------------------------
--  파일이 생성됨 - 목요일-1월-28-2021   
--------------------------------------------------------
--------------------------------------------------------
--  DDL for Sequence SEQ_BNO
--------------------------------------------------------

   CREATE SEQUENCE  "XE"."SEQ_BNO"  MINVALUE 1 MAXVALUE 10000 INCREMENT BY 1 START WITH 301 CACHE 20 NOORDER  NOCYCLE ;
--------------------------------------------------------
--  DDL for Sequence SEQ_RNO
--------------------------------------------------------

   CREATE SEQUENCE  "XE"."SEQ_RNO"  MINVALUE 1 MAXVALUE 10000 INCREMENT BY 1 START WITH 101 CACHE 20 NOORDER  NOCYCLE ;
--------------------------------------------------------
--  DDL for Table TBL_ATTACH
--------------------------------------------------------

  CREATE TABLE "XE"."TBL_ATTACH" 
   (	"SAVE_FILE_NAME" VARCHAR2(255 BYTE), 
	"REAL_FILE_NAME" VARCHAR2(255 BYTE), 
	"REG_DATE" DATE, 
	"BNO" NUMBER(11,0)
   ) SEGMENT CREATION IMMEDIATE 
  PCTFREE 10 PCTUSED 40 INITRANS 1 MAXTRANS 255 NOCOMPRESS LOGGING
  STORAGE(INITIAL 65536 NEXT 1048576 MINEXTENTS 1 MAXEXTENTS 2147483645
  PCTINCREASE 0 FREELISTS 1 FREELIST GROUPS 1 BUFFER_POOL DEFAULT FLASH_CACHE DEFAULT CELL_FLASH_CACHE DEFAULT)
  TABLESPACE "USERS" ;

   COMMENT ON COLUMN "XE"."TBL_ATTACH"."SAVE_FILE_NAME" IS 'UUID로 만들어지는 폴더에 저장되는 파일이름';
   COMMENT ON COLUMN "XE"."TBL_ATTACH"."REAL_FILE_NAME" IS '예: 한글 파일명';
   COMMENT ON COLUMN "XE"."TBL_ATTACH"."REG_DATE" IS '등록 일시';
   COMMENT ON COLUMN "XE"."TBL_ATTACH"."BNO" IS '부모테이블의 게시판 번호
';
--------------------------------------------------------
--  DDL for Table TBL_BOARD
--------------------------------------------------------

  CREATE TABLE "XE"."TBL_BOARD" 
   (	"BNO" NUMBER(11,0), 
	"BOARD_TYPE" VARCHAR2(20 BYTE), 
	"TITLE" VARCHAR2(200 BYTE), 
	"CONTENT" CLOB, 
	"WRITER" VARCHAR2(50 BYTE), 
	"VIEW_COUNT" NUMBER(11,0), 
	"REPLY_COUNT" NUMBER(11,0), 
	"REG_DATE" TIMESTAMP (6), 
	"UPDATE_DATE" TIMESTAMP (6)
   ) SEGMENT CREATION IMMEDIATE 
  PCTFREE 10 PCTUSED 40 INITRANS 1 MAXTRANS 255 NOCOMPRESS LOGGING
  STORAGE(INITIAL 65536 NEXT 1048576 MINEXTENTS 1 MAXEXTENTS 2147483645
  PCTINCREASE 0 FREELISTS 1 FREELIST GROUPS 1 BUFFER_POOL DEFAULT FLASH_CACHE DEFAULT CELL_FLASH_CACHE DEFAULT)
  TABLESPACE "USERS" 
 LOB ("CONTENT") STORE AS BASICFILE (
  TABLESPACE "USERS" ENABLE STORAGE IN ROW CHUNK 8192 RETENTION 
  NOCACHE LOGGING 
  STORAGE(INITIAL 65536 NEXT 1048576 MINEXTENTS 1 MAXEXTENTS 2147483645
  PCTINCREASE 0 FREELISTS 1 FREELIST GROUPS 1 BUFFER_POOL DEFAULT FLASH_CACHE DEFAULT CELL_FLASH_CACHE DEFAULT)) ;

   COMMENT ON COLUMN "XE"."TBL_BOARD"."BNO" IS '게시물 일련번호';
   COMMENT ON COLUMN "XE"."TBL_BOARD"."BOARD_TYPE" IS '게시판종류';
   COMMENT ON COLUMN "XE"."TBL_BOARD"."TITLE" IS '글 제목';
   COMMENT ON COLUMN "XE"."TBL_BOARD"."CONTENT" IS '글 내용';
   COMMENT ON COLUMN "XE"."TBL_BOARD"."WRITER" IS '작성자';
   COMMENT ON COLUMN "XE"."TBL_BOARD"."VIEW_COUNT" IS '조회수';
   COMMENT ON COLUMN "XE"."TBL_BOARD"."REPLY_COUNT" IS '댓글수';
   COMMENT ON COLUMN "XE"."TBL_BOARD"."REG_DATE" IS '등록 일시';
   COMMENT ON COLUMN "XE"."TBL_BOARD"."UPDATE_DATE" IS '수정 일시';
--------------------------------------------------------
--  DDL for Table TBL_BOARD_TYPE
--------------------------------------------------------

  CREATE TABLE "XE"."TBL_BOARD_TYPE" 
   (	"BOARD_TYPE" VARCHAR2(45 BYTE), 
	"BOARD_NAME" VARCHAR2(45 BYTE), 
	"BOARD_SUN" NUMBER
   ) SEGMENT CREATION IMMEDIATE 
  PCTFREE 10 PCTUSED 40 INITRANS 1 MAXTRANS 255 NOCOMPRESS LOGGING
  STORAGE(INITIAL 65536 NEXT 1048576 MINEXTENTS 1 MAXEXTENTS 2147483645
  PCTINCREASE 0 FREELISTS 1 FREELIST GROUPS 1 BUFFER_POOL DEFAULT FLASH_CACHE DEFAULT CELL_FLASH_CACHE DEFAULT)
  TABLESPACE "USERS" ;
--------------------------------------------------------
--  DDL for Table TBL_MEMBER
--------------------------------------------------------

  CREATE TABLE "XE"."TBL_MEMBER" 
   (	"USER_ID" VARCHAR2(50 BYTE), 
	"USER_PW" VARCHAR2(255 BYTE), 
	"USER_NAME" VARCHAR2(50 BYTE), 
	"EMAIL" VARCHAR2(100 BYTE), 
	"POINT" NUMBER(11,0), 
	"ENABLED" NUMBER(1,0), 
	"LEVELS" VARCHAR2(50 BYTE), 
	"REG_DATE" DATE, 
	"UPDATE_DATE" DATE
   ) SEGMENT CREATION IMMEDIATE 
  PCTFREE 10 PCTUSED 40 INITRANS 1 MAXTRANS 255 NOCOMPRESS LOGGING
  STORAGE(INITIAL 65536 NEXT 1048576 MINEXTENTS 1 MAXEXTENTS 2147483645
  PCTINCREASE 0 FREELISTS 1 FREELIST GROUPS 1 BUFFER_POOL DEFAULT FLASH_CACHE DEFAULT CELL_FLASH_CACHE DEFAULT)
  TABLESPACE "USERS" ;
--------------------------------------------------------
--  DDL for Table TBL_REPLY
--------------------------------------------------------

  CREATE TABLE "XE"."TBL_REPLY" 
   (	"RNO" NUMBER(11,0), 
	"REPLY_TEXT" VARCHAR2(1000 BYTE), 
	"REPLYER" VARCHAR2(50 BYTE), 
	"REG_DATE" DATE, 
	"UPDATE_DATE" DATE, 
	"TBL_BOARD_BNO" NUMBER(11,0)
   ) SEGMENT CREATION IMMEDIATE 
  PCTFREE 10 PCTUSED 40 INITRANS 1 MAXTRANS 255 NOCOMPRESS LOGGING
  STORAGE(INITIAL 65536 NEXT 1048576 MINEXTENTS 1 MAXEXTENTS 2147483645
  PCTINCREASE 0 FREELISTS 1 FREELIST GROUPS 1 BUFFER_POOL DEFAULT FLASH_CACHE DEFAULT CELL_FLASH_CACHE DEFAULT)
  TABLESPACE "USERS" ;

   COMMENT ON COLUMN "XE"."TBL_REPLY"."RNO" IS '댓글 일련번호';
   COMMENT ON COLUMN "XE"."TBL_REPLY"."REPLY_TEXT" IS '댓글내용';
   COMMENT ON COLUMN "XE"."TBL_REPLY"."REPLYER" IS '작성자';
   COMMENT ON COLUMN "XE"."TBL_REPLY"."REG_DATE" IS '등록일시';
   COMMENT ON COLUMN "XE"."TBL_REPLY"."UPDATE_DATE" IS '수정일시';
   COMMENT ON COLUMN "XE"."TBL_REPLY"."TBL_BOARD_BNO" IS '부모테이블의 테이블 번호
';
REM INSERTING into XE.TBL_ATTACH
SET DEFINE OFF;
REM INSERTING into XE.TBL_BOARD
SET DEFINE OFF;
Insert into XE.TBL_BOARD (BNO,BOARD_TYPE,TITLE,WRITER,VIEW_COUNT,REPLY_COUNT,REG_DATE,UPDATE_DATE) values (51,'gallery','게시물테스트','관리자',null,null,to_timestamp('21/01/27 14:57:55.000000000','RR/MM/DD HH24:MI:SSXFF'),to_timestamp('21/01/27 14:57:55.000000000','RR/MM/DD HH24:MI:SSXFF'));
Insert into XE.TBL_BOARD (BNO,BOARD_TYPE,TITLE,WRITER,VIEW_COUNT,REPLY_COUNT,REG_DATE,UPDATE_DATE) values (52,'gallery','게시물테스트','관리자',null,null,to_timestamp('21/01/27 14:57:55.000000000','RR/MM/DD HH24:MI:SSXFF'),to_timestamp('21/01/27 14:57:55.000000000','RR/MM/DD HH24:MI:SSXFF'));
Insert into XE.TBL_BOARD (BNO,BOARD_TYPE,TITLE,WRITER,VIEW_COUNT,REPLY_COUNT,REG_DATE,UPDATE_DATE) values (53,'gallery','게시물테스트','관리자',null,null,to_timestamp('21/01/27 14:57:55.000000000','RR/MM/DD HH24:MI:SSXFF'),to_timestamp('21/01/27 14:57:55.000000000','RR/MM/DD HH24:MI:SSXFF'));
Insert into XE.TBL_BOARD (BNO,BOARD_TYPE,TITLE,WRITER,VIEW_COUNT,REPLY_COUNT,REG_DATE,UPDATE_DATE) values (54,'gallery','게시물테스트','관리자',null,null,to_timestamp('21/01/27 14:57:55.000000000','RR/MM/DD HH24:MI:SSXFF'),to_timestamp('21/01/27 14:57:55.000000000','RR/MM/DD HH24:MI:SSXFF'));
Insert into XE.TBL_BOARD (BNO,BOARD_TYPE,TITLE,WRITER,VIEW_COUNT,REPLY_COUNT,REG_DATE,UPDATE_DATE) values (55,'gallery','게시물테스트','관리자',null,null,to_timestamp('21/01/27 14:57:55.000000000','RR/MM/DD HH24:MI:SSXFF'),to_timestamp('21/01/27 14:57:55.000000000','RR/MM/DD HH24:MI:SSXFF'));
Insert into XE.TBL_BOARD (BNO,BOARD_TYPE,TITLE,WRITER,VIEW_COUNT,REPLY_COUNT,REG_DATE,UPDATE_DATE) values (56,'gallery','게시물테스트','관리자',null,null,to_timestamp('21/01/27 14:57:55.000000000','RR/MM/DD HH24:MI:SSXFF'),to_timestamp('21/01/27 14:57:55.000000000','RR/MM/DD HH24:MI:SSXFF'));
Insert into XE.TBL_BOARD (BNO,BOARD_TYPE,TITLE,WRITER,VIEW_COUNT,REPLY_COUNT,REG_DATE,UPDATE_DATE) values (57,'gallery','게시물테스트','관리자',null,null,to_timestamp('21/01/27 14:57:55.000000000','RR/MM/DD HH24:MI:SSXFF'),to_timestamp('21/01/27 14:57:55.000000000','RR/MM/DD HH24:MI:SSXFF'));
Insert into XE.TBL_BOARD (BNO,BOARD_TYPE,TITLE,WRITER,VIEW_COUNT,REPLY_COUNT,REG_DATE,UPDATE_DATE) values (58,'gallery','게시물테스트','관리자',null,null,to_timestamp('21/01/27 14:57:55.000000000','RR/MM/DD HH24:MI:SSXFF'),to_timestamp('21/01/27 14:57:55.000000000','RR/MM/DD HH24:MI:SSXFF'));
Insert into XE.TBL_BOARD (BNO,BOARD_TYPE,TITLE,WRITER,VIEW_COUNT,REPLY_COUNT,REG_DATE,UPDATE_DATE) values (59,'gallery','게시물테스트','관리자',null,null,to_timestamp('21/01/27 14:57:55.000000000','RR/MM/DD HH24:MI:SSXFF'),to_timestamp('21/01/27 14:57:55.000000000','RR/MM/DD HH24:MI:SSXFF'));
Insert into XE.TBL_BOARD (BNO,BOARD_TYPE,TITLE,WRITER,VIEW_COUNT,REPLY_COUNT,REG_DATE,UPDATE_DATE) values (60,'gallery','게시물테스트','관리자',null,null,to_timestamp('21/01/27 14:57:55.000000000','RR/MM/DD HH24:MI:SSXFF'),to_timestamp('21/01/27 14:57:55.000000000','RR/MM/DD HH24:MI:SSXFF'));
Insert into XE.TBL_BOARD (BNO,BOARD_TYPE,TITLE,WRITER,VIEW_COUNT,REPLY_COUNT,REG_DATE,UPDATE_DATE) values (61,'gallery','게시물테스트','관리자',null,null,to_timestamp('21/01/27 14:57:55.000000000','RR/MM/DD HH24:MI:SSXFF'),to_timestamp('21/01/27 14:57:55.000000000','RR/MM/DD HH24:MI:SSXFF'));
Insert into XE.TBL_BOARD (BNO,BOARD_TYPE,TITLE,WRITER,VIEW_COUNT,REPLY_COUNT,REG_DATE,UPDATE_DATE) values (62,'gallery','게시물테스트','관리자',null,null,to_timestamp('21/01/27 14:57:55.000000000','RR/MM/DD HH24:MI:SSXFF'),to_timestamp('21/01/27 14:57:55.000000000','RR/MM/DD HH24:MI:SSXFF'));
Insert into XE.TBL_BOARD (BNO,BOARD_TYPE,TITLE,WRITER,VIEW_COUNT,REPLY_COUNT,REG_DATE,UPDATE_DATE) values (63,'gallery','게시물테스트','관리자',null,null,to_timestamp('21/01/27 14:57:55.000000000','RR/MM/DD HH24:MI:SSXFF'),to_timestamp('21/01/27 14:57:55.000000000','RR/MM/DD HH24:MI:SSXFF'));
Insert into XE.TBL_BOARD (BNO,BOARD_TYPE,TITLE,WRITER,VIEW_COUNT,REPLY_COUNT,REG_DATE,UPDATE_DATE) values (64,'gallery','게시물테스트','관리자',null,null,to_timestamp('21/01/27 14:57:55.000000000','RR/MM/DD HH24:MI:SSXFF'),to_timestamp('21/01/27 14:57:55.000000000','RR/MM/DD HH24:MI:SSXFF'));
Insert into XE.TBL_BOARD (BNO,BOARD_TYPE,TITLE,WRITER,VIEW_COUNT,REPLY_COUNT,REG_DATE,UPDATE_DATE) values (65,'gallery','게시물테스트','관리자',null,null,to_timestamp('21/01/27 14:57:55.000000000','RR/MM/DD HH24:MI:SSXFF'),to_timestamp('21/01/27 14:57:55.000000000','RR/MM/DD HH24:MI:SSXFF'));
Insert into XE.TBL_BOARD (BNO,BOARD_TYPE,TITLE,WRITER,VIEW_COUNT,REPLY_COUNT,REG_DATE,UPDATE_DATE) values (66,'gallery','게시물테스트','관리자',null,null,to_timestamp('21/01/27 14:57:55.000000000','RR/MM/DD HH24:MI:SSXFF'),to_timestamp('21/01/27 14:57:55.000000000','RR/MM/DD HH24:MI:SSXFF'));
Insert into XE.TBL_BOARD (BNO,BOARD_TYPE,TITLE,WRITER,VIEW_COUNT,REPLY_COUNT,REG_DATE,UPDATE_DATE) values (67,'gallery','게시물테스트','관리자',null,null,to_timestamp('21/01/27 14:57:55.000000000','RR/MM/DD HH24:MI:SSXFF'),to_timestamp('21/01/27 14:57:55.000000000','RR/MM/DD HH24:MI:SSXFF'));
Insert into XE.TBL_BOARD (BNO,BOARD_TYPE,TITLE,WRITER,VIEW_COUNT,REPLY_COUNT,REG_DATE,UPDATE_DATE) values (68,'gallery','게시물테스트','관리자',null,null,to_timestamp('21/01/27 14:57:55.000000000','RR/MM/DD HH24:MI:SSXFF'),to_timestamp('21/01/27 14:57:55.000000000','RR/MM/DD HH24:MI:SSXFF'));
Insert into XE.TBL_BOARD (BNO,BOARD_TYPE,TITLE,WRITER,VIEW_COUNT,REPLY_COUNT,REG_DATE,UPDATE_DATE) values (69,'gallery','게시물테스트','관리자',null,null,to_timestamp('21/01/27 14:57:55.000000000','RR/MM/DD HH24:MI:SSXFF'),to_timestamp('21/01/27 14:57:55.000000000','RR/MM/DD HH24:MI:SSXFF'));
Insert into XE.TBL_BOARD (BNO,BOARD_TYPE,TITLE,WRITER,VIEW_COUNT,REPLY_COUNT,REG_DATE,UPDATE_DATE) values (70,'gallery','게시물테스트','관리자',null,null,to_timestamp('21/01/27 14:57:55.000000000','RR/MM/DD HH24:MI:SSXFF'),to_timestamp('21/01/27 14:57:55.000000000','RR/MM/DD HH24:MI:SSXFF'));
Insert into XE.TBL_BOARD (BNO,BOARD_TYPE,TITLE,WRITER,VIEW_COUNT,REPLY_COUNT,REG_DATE,UPDATE_DATE) values (71,'gallery','게시물테스트','관리자',null,null,to_timestamp('21/01/27 14:57:55.000000000','RR/MM/DD HH24:MI:SSXFF'),to_timestamp('21/01/27 14:57:55.000000000','RR/MM/DD HH24:MI:SSXFF'));
Insert into XE.TBL_BOARD (BNO,BOARD_TYPE,TITLE,WRITER,VIEW_COUNT,REPLY_COUNT,REG_DATE,UPDATE_DATE) values (72,'gallery','게시물테스트','관리자',null,null,to_timestamp('21/01/27 14:57:55.000000000','RR/MM/DD HH24:MI:SSXFF'),to_timestamp('21/01/27 14:57:55.000000000','RR/MM/DD HH24:MI:SSXFF'));
Insert into XE.TBL_BOARD (BNO,BOARD_TYPE,TITLE,WRITER,VIEW_COUNT,REPLY_COUNT,REG_DATE,UPDATE_DATE) values (73,'gallery','게시물테스트','관리자',null,null,to_timestamp('21/01/27 14:57:55.000000000','RR/MM/DD HH24:MI:SSXFF'),to_timestamp('21/01/27 14:57:55.000000000','RR/MM/DD HH24:MI:SSXFF'));
Insert into XE.TBL_BOARD (BNO,BOARD_TYPE,TITLE,WRITER,VIEW_COUNT,REPLY_COUNT,REG_DATE,UPDATE_DATE) values (74,'gallery','게시물테스트','관리자',null,null,to_timestamp('21/01/27 14:57:55.000000000','RR/MM/DD HH24:MI:SSXFF'),to_timestamp('21/01/27 14:57:55.000000000','RR/MM/DD HH24:MI:SSXFF'));
Insert into XE.TBL_BOARD (BNO,BOARD_TYPE,TITLE,WRITER,VIEW_COUNT,REPLY_COUNT,REG_DATE,UPDATE_DATE) values (75,'gallery','게시물테스트','관리자',null,null,to_timestamp('21/01/27 14:57:55.000000000','RR/MM/DD HH24:MI:SSXFF'),to_timestamp('21/01/27 14:57:55.000000000','RR/MM/DD HH24:MI:SSXFF'));
Insert into XE.TBL_BOARD (BNO,BOARD_TYPE,TITLE,WRITER,VIEW_COUNT,REPLY_COUNT,REG_DATE,UPDATE_DATE) values (76,'gallery','게시물테스트','관리자',null,null,to_timestamp('21/01/27 14:57:55.000000000','RR/MM/DD HH24:MI:SSXFF'),to_timestamp('21/01/27 14:57:55.000000000','RR/MM/DD HH24:MI:SSXFF'));
Insert into XE.TBL_BOARD (BNO,BOARD_TYPE,TITLE,WRITER,VIEW_COUNT,REPLY_COUNT,REG_DATE,UPDATE_DATE) values (77,'gallery','게시물테스트','관리자',null,null,to_timestamp('21/01/27 14:57:55.000000000','RR/MM/DD HH24:MI:SSXFF'),to_timestamp('21/01/27 14:57:55.000000000','RR/MM/DD HH24:MI:SSXFF'));
Insert into XE.TBL_BOARD (BNO,BOARD_TYPE,TITLE,WRITER,VIEW_COUNT,REPLY_COUNT,REG_DATE,UPDATE_DATE) values (78,'gallery','게시물테스트','관리자',null,null,to_timestamp('21/01/27 14:57:55.000000000','RR/MM/DD HH24:MI:SSXFF'),to_timestamp('21/01/27 14:57:55.000000000','RR/MM/DD HH24:MI:SSXFF'));
Insert into XE.TBL_BOARD (BNO,BOARD_TYPE,TITLE,WRITER,VIEW_COUNT,REPLY_COUNT,REG_DATE,UPDATE_DATE) values (79,'gallery','게시물테스트','관리자',null,null,to_timestamp('21/01/27 14:57:55.000000000','RR/MM/DD HH24:MI:SSXFF'),to_timestamp('21/01/27 14:57:55.000000000','RR/MM/DD HH24:MI:SSXFF'));
Insert into XE.TBL_BOARD (BNO,BOARD_TYPE,TITLE,WRITER,VIEW_COUNT,REPLY_COUNT,REG_DATE,UPDATE_DATE) values (80,'gallery','게시물테스트','관리자',null,null,to_timestamp('21/01/27 14:57:55.000000000','RR/MM/DD HH24:MI:SSXFF'),to_timestamp('21/01/27 14:57:55.000000000','RR/MM/DD HH24:MI:SSXFF'));
Insert into XE.TBL_BOARD (BNO,BOARD_TYPE,TITLE,WRITER,VIEW_COUNT,REPLY_COUNT,REG_DATE,UPDATE_DATE) values (81,'gallery','게시물테스트','관리자',null,null,to_timestamp('21/01/27 14:57:55.000000000','RR/MM/DD HH24:MI:SSXFF'),to_timestamp('21/01/27 14:57:55.000000000','RR/MM/DD HH24:MI:SSXFF'));
Insert into XE.TBL_BOARD (BNO,BOARD_TYPE,TITLE,WRITER,VIEW_COUNT,REPLY_COUNT,REG_DATE,UPDATE_DATE) values (82,'gallery','게시물테스트','관리자',null,null,to_timestamp('21/01/27 14:57:55.000000000','RR/MM/DD HH24:MI:SSXFF'),to_timestamp('21/01/27 14:57:55.000000000','RR/MM/DD HH24:MI:SSXFF'));
Insert into XE.TBL_BOARD (BNO,BOARD_TYPE,TITLE,WRITER,VIEW_COUNT,REPLY_COUNT,REG_DATE,UPDATE_DATE) values (83,'gallery','게시물테스트','관리자',null,null,to_timestamp('21/01/27 14:57:55.000000000','RR/MM/DD HH24:MI:SSXFF'),to_timestamp('21/01/27 14:57:55.000000000','RR/MM/DD HH24:MI:SSXFF'));
Insert into XE.TBL_BOARD (BNO,BOARD_TYPE,TITLE,WRITER,VIEW_COUNT,REPLY_COUNT,REG_DATE,UPDATE_DATE) values (84,'gallery','게시물테스트','관리자',null,null,to_timestamp('21/01/27 14:57:55.000000000','RR/MM/DD HH24:MI:SSXFF'),to_timestamp('21/01/27 14:57:55.000000000','RR/MM/DD HH24:MI:SSXFF'));
Insert into XE.TBL_BOARD (BNO,BOARD_TYPE,TITLE,WRITER,VIEW_COUNT,REPLY_COUNT,REG_DATE,UPDATE_DATE) values (85,'gallery','게시물테스트','관리자',null,null,to_timestamp('21/01/27 14:57:55.000000000','RR/MM/DD HH24:MI:SSXFF'),to_timestamp('21/01/27 14:57:55.000000000','RR/MM/DD HH24:MI:SSXFF'));
Insert into XE.TBL_BOARD (BNO,BOARD_TYPE,TITLE,WRITER,VIEW_COUNT,REPLY_COUNT,REG_DATE,UPDATE_DATE) values (86,'gallery','게시물테스트','관리자',null,null,to_timestamp('21/01/27 14:57:55.000000000','RR/MM/DD HH24:MI:SSXFF'),to_timestamp('21/01/27 14:57:55.000000000','RR/MM/DD HH24:MI:SSXFF'));
Insert into XE.TBL_BOARD (BNO,BOARD_TYPE,TITLE,WRITER,VIEW_COUNT,REPLY_COUNT,REG_DATE,UPDATE_DATE) values (87,'gallery','게시물테스트','관리자',null,null,to_timestamp('21/01/27 14:57:55.000000000','RR/MM/DD HH24:MI:SSXFF'),to_timestamp('21/01/27 14:57:55.000000000','RR/MM/DD HH24:MI:SSXFF'));
Insert into XE.TBL_BOARD (BNO,BOARD_TYPE,TITLE,WRITER,VIEW_COUNT,REPLY_COUNT,REG_DATE,UPDATE_DATE) values (88,'gallery','게시물테스트','관리자',null,null,to_timestamp('21/01/27 14:57:55.000000000','RR/MM/DD HH24:MI:SSXFF'),to_timestamp('21/01/27 14:57:55.000000000','RR/MM/DD HH24:MI:SSXFF'));
Insert into XE.TBL_BOARD (BNO,BOARD_TYPE,TITLE,WRITER,VIEW_COUNT,REPLY_COUNT,REG_DATE,UPDATE_DATE) values (89,'gallery','게시물테스트','관리자',null,null,to_timestamp('21/01/27 14:57:55.000000000','RR/MM/DD HH24:MI:SSXFF'),to_timestamp('21/01/27 14:57:55.000000000','RR/MM/DD HH24:MI:SSXFF'));
Insert into XE.TBL_BOARD (BNO,BOARD_TYPE,TITLE,WRITER,VIEW_COUNT,REPLY_COUNT,REG_DATE,UPDATE_DATE) values (90,'gallery','게시물테스트','관리자',null,null,to_timestamp('21/01/27 14:57:55.000000000','RR/MM/DD HH24:MI:SSXFF'),to_timestamp('21/01/27 14:57:55.000000000','RR/MM/DD HH24:MI:SSXFF'));
Insert into XE.TBL_BOARD (BNO,BOARD_TYPE,TITLE,WRITER,VIEW_COUNT,REPLY_COUNT,REG_DATE,UPDATE_DATE) values (91,'gallery','게시물테스트','관리자',null,null,to_timestamp('21/01/27 14:57:55.000000000','RR/MM/DD HH24:MI:SSXFF'),to_timestamp('21/01/27 14:57:55.000000000','RR/MM/DD HH24:MI:SSXFF'));
Insert into XE.TBL_BOARD (BNO,BOARD_TYPE,TITLE,WRITER,VIEW_COUNT,REPLY_COUNT,REG_DATE,UPDATE_DATE) values (92,'gallery','게시물테스트','관리자',null,null,to_timestamp('21/01/27 14:57:55.000000000','RR/MM/DD HH24:MI:SSXFF'),to_timestamp('21/01/27 14:57:55.000000000','RR/MM/DD HH24:MI:SSXFF'));
Insert into XE.TBL_BOARD (BNO,BOARD_TYPE,TITLE,WRITER,VIEW_COUNT,REPLY_COUNT,REG_DATE,UPDATE_DATE) values (93,'gallery','게시물테스트','관리자',null,null,to_timestamp('21/01/27 14:57:55.000000000','RR/MM/DD HH24:MI:SSXFF'),to_timestamp('21/01/27 14:57:55.000000000','RR/MM/DD HH24:MI:SSXFF'));
Insert into XE.TBL_BOARD (BNO,BOARD_TYPE,TITLE,WRITER,VIEW_COUNT,REPLY_COUNT,REG_DATE,UPDATE_DATE) values (94,'gallery','게시물테스트','관리자',null,null,to_timestamp('21/01/27 14:57:55.000000000','RR/MM/DD HH24:MI:SSXFF'),to_timestamp('21/01/27 14:57:55.000000000','RR/MM/DD HH24:MI:SSXFF'));
Insert into XE.TBL_BOARD (BNO,BOARD_TYPE,TITLE,WRITER,VIEW_COUNT,REPLY_COUNT,REG_DATE,UPDATE_DATE) values (95,'gallery','게시물테스트','관리자',null,null,to_timestamp('21/01/27 14:57:55.000000000','RR/MM/DD HH24:MI:SSXFF'),to_timestamp('21/01/27 14:57:55.000000000','RR/MM/DD HH24:MI:SSXFF'));
Insert into XE.TBL_BOARD (BNO,BOARD_TYPE,TITLE,WRITER,VIEW_COUNT,REPLY_COUNT,REG_DATE,UPDATE_DATE) values (96,'gallery','게시물테스트','관리자',null,null,to_timestamp('21/01/27 14:57:55.000000000','RR/MM/DD HH24:MI:SSXFF'),to_timestamp('21/01/27 14:57:55.000000000','RR/MM/DD HH24:MI:SSXFF'));
Insert into XE.TBL_BOARD (BNO,BOARD_TYPE,TITLE,WRITER,VIEW_COUNT,REPLY_COUNT,REG_DATE,UPDATE_DATE) values (97,'gallery','게시물테스트','관리자',null,null,to_timestamp('21/01/27 14:57:55.000000000','RR/MM/DD HH24:MI:SSXFF'),to_timestamp('21/01/27 14:57:55.000000000','RR/MM/DD HH24:MI:SSXFF'));
Insert into XE.TBL_BOARD (BNO,BOARD_TYPE,TITLE,WRITER,VIEW_COUNT,REPLY_COUNT,REG_DATE,UPDATE_DATE) values (98,'gallery','게시물테스트','관리자',null,null,to_timestamp('21/01/27 14:57:55.000000000','RR/MM/DD HH24:MI:SSXFF'),to_timestamp('21/01/27 14:57:55.000000000','RR/MM/DD HH24:MI:SSXFF'));
Insert into XE.TBL_BOARD (BNO,BOARD_TYPE,TITLE,WRITER,VIEW_COUNT,REPLY_COUNT,REG_DATE,UPDATE_DATE) values (99,'gallery','게시물테스트','관리자',null,null,to_timestamp('21/01/27 14:57:55.000000000','RR/MM/DD HH24:MI:SSXFF'),to_timestamp('21/01/27 14:57:55.000000000','RR/MM/DD HH24:MI:SSXFF'));
Insert into XE.TBL_BOARD (BNO,BOARD_TYPE,TITLE,WRITER,VIEW_COUNT,REPLY_COUNT,REG_DATE,UPDATE_DATE) values (100,'gallery','게시물테스트','관리자',null,null,to_timestamp('21/01/27 14:57:55.000000000','RR/MM/DD HH24:MI:SSXFF'),to_timestamp('21/01/27 14:57:55.000000000','RR/MM/DD HH24:MI:SSXFF'));
Insert into XE.TBL_BOARD (BNO,BOARD_TYPE,TITLE,WRITER,VIEW_COUNT,REPLY_COUNT,REG_DATE,UPDATE_DATE) values (101,'gallery','게시물테스트','관리자',null,null,to_timestamp('21/01/27 14:58:37.000000000','RR/MM/DD HH24:MI:SSXFF'),to_timestamp('21/01/27 14:58:37.000000000','RR/MM/DD HH24:MI:SSXFF'));
Insert into XE.TBL_BOARD (BNO,BOARD_TYPE,TITLE,WRITER,VIEW_COUNT,REPLY_COUNT,REG_DATE,UPDATE_DATE) values (102,'gallery','게시물테스트','관리자',null,null,to_timestamp('21/01/27 14:58:37.000000000','RR/MM/DD HH24:MI:SSXFF'),to_timestamp('21/01/27 14:58:37.000000000','RR/MM/DD HH24:MI:SSXFF'));
Insert into XE.TBL_BOARD (BNO,BOARD_TYPE,TITLE,WRITER,VIEW_COUNT,REPLY_COUNT,REG_DATE,UPDATE_DATE) values (103,'gallery','게시물테스트','관리자',null,null,to_timestamp('21/01/27 14:58:37.000000000','RR/MM/DD HH24:MI:SSXFF'),to_timestamp('21/01/27 14:58:37.000000000','RR/MM/DD HH24:MI:SSXFF'));
Insert into XE.TBL_BOARD (BNO,BOARD_TYPE,TITLE,WRITER,VIEW_COUNT,REPLY_COUNT,REG_DATE,UPDATE_DATE) values (104,'gallery','게시물테스트','관리자',null,null,to_timestamp('21/01/27 14:58:37.000000000','RR/MM/DD HH24:MI:SSXFF'),to_timestamp('21/01/27 14:58:37.000000000','RR/MM/DD HH24:MI:SSXFF'));
Insert into XE.TBL_BOARD (BNO,BOARD_TYPE,TITLE,WRITER,VIEW_COUNT,REPLY_COUNT,REG_DATE,UPDATE_DATE) values (105,'gallery','게시물테스트','관리자',null,null,to_timestamp('21/01/27 14:58:37.000000000','RR/MM/DD HH24:MI:SSXFF'),to_timestamp('21/01/27 14:58:37.000000000','RR/MM/DD HH24:MI:SSXFF'));
Insert into XE.TBL_BOARD (BNO,BOARD_TYPE,TITLE,WRITER,VIEW_COUNT,REPLY_COUNT,REG_DATE,UPDATE_DATE) values (106,'gallery','게시물테스트','관리자',null,null,to_timestamp('21/01/27 14:58:37.000000000','RR/MM/DD HH24:MI:SSXFF'),to_timestamp('21/01/27 14:58:37.000000000','RR/MM/DD HH24:MI:SSXFF'));
Insert into XE.TBL_BOARD (BNO,BOARD_TYPE,TITLE,WRITER,VIEW_COUNT,REPLY_COUNT,REG_DATE,UPDATE_DATE) values (107,'gallery','게시물테스트','관리자',null,null,to_timestamp('21/01/27 14:58:37.000000000','RR/MM/DD HH24:MI:SSXFF'),to_timestamp('21/01/27 14:58:37.000000000','RR/MM/DD HH24:MI:SSXFF'));
Insert into XE.TBL_BOARD (BNO,BOARD_TYPE,TITLE,WRITER,VIEW_COUNT,REPLY_COUNT,REG_DATE,UPDATE_DATE) values (108,'gallery','게시물테스트','관리자',null,null,to_timestamp('21/01/27 14:58:37.000000000','RR/MM/DD HH24:MI:SSXFF'),to_timestamp('21/01/27 14:58:37.000000000','RR/MM/DD HH24:MI:SSXFF'));
Insert into XE.TBL_BOARD (BNO,BOARD_TYPE,TITLE,WRITER,VIEW_COUNT,REPLY_COUNT,REG_DATE,UPDATE_DATE) values (109,'gallery','게시물테스트','관리자',null,null,to_timestamp('21/01/27 14:58:37.000000000','RR/MM/DD HH24:MI:SSXFF'),to_timestamp('21/01/27 14:58:37.000000000','RR/MM/DD HH24:MI:SSXFF'));
Insert into XE.TBL_BOARD (BNO,BOARD_TYPE,TITLE,WRITER,VIEW_COUNT,REPLY_COUNT,REG_DATE,UPDATE_DATE) values (110,'gallery','게시물테스트','관리자',null,null,to_timestamp('21/01/27 14:58:37.000000000','RR/MM/DD HH24:MI:SSXFF'),to_timestamp('21/01/27 14:58:37.000000000','RR/MM/DD HH24:MI:SSXFF'));
Insert into XE.TBL_BOARD (BNO,BOARD_TYPE,TITLE,WRITER,VIEW_COUNT,REPLY_COUNT,REG_DATE,UPDATE_DATE) values (111,'gallery','게시물테스트','관리자',null,null,to_timestamp('21/01/27 14:58:37.000000000','RR/MM/DD HH24:MI:SSXFF'),to_timestamp('21/01/27 14:58:37.000000000','RR/MM/DD HH24:MI:SSXFF'));
Insert into XE.TBL_BOARD (BNO,BOARD_TYPE,TITLE,WRITER,VIEW_COUNT,REPLY_COUNT,REG_DATE,UPDATE_DATE) values (112,'gallery','게시물테스트','관리자',null,null,to_timestamp('21/01/27 14:58:37.000000000','RR/MM/DD HH24:MI:SSXFF'),to_timestamp('21/01/27 14:58:37.000000000','RR/MM/DD HH24:MI:SSXFF'));
Insert into XE.TBL_BOARD (BNO,BOARD_TYPE,TITLE,WRITER,VIEW_COUNT,REPLY_COUNT,REG_DATE,UPDATE_DATE) values (164,'notice','게시물테스트','관리자',null,null,to_timestamp('21/01/27 14:59:39.000000000','RR/MM/DD HH24:MI:SSXFF'),to_timestamp('21/01/27 14:59:39.000000000','RR/MM/DD HH24:MI:SSXFF'));
Insert into XE.TBL_BOARD (BNO,BOARD_TYPE,TITLE,WRITER,VIEW_COUNT,REPLY_COUNT,REG_DATE,UPDATE_DATE) values (165,'notice','게시물테스트','관리자',null,null,to_timestamp('21/01/27 14:59:39.000000000','RR/MM/DD HH24:MI:SSXFF'),to_timestamp('21/01/27 14:59:39.000000000','RR/MM/DD HH24:MI:SSXFF'));
Insert into XE.TBL_BOARD (BNO,BOARD_TYPE,TITLE,WRITER,VIEW_COUNT,REPLY_COUNT,REG_DATE,UPDATE_DATE) values (166,'notice','게시물테스트','관리자',null,null,to_timestamp('21/01/27 14:59:39.000000000','RR/MM/DD HH24:MI:SSXFF'),to_timestamp('21/01/27 14:59:39.000000000','RR/MM/DD HH24:MI:SSXFF'));
Insert into XE.TBL_BOARD (BNO,BOARD_TYPE,TITLE,WRITER,VIEW_COUNT,REPLY_COUNT,REG_DATE,UPDATE_DATE) values (167,'notice','게시물테스트','관리자',null,null,to_timestamp('21/01/27 14:59:39.000000000','RR/MM/DD HH24:MI:SSXFF'),to_timestamp('21/01/27 14:59:39.000000000','RR/MM/DD HH24:MI:SSXFF'));
Insert into XE.TBL_BOARD (BNO,BOARD_TYPE,TITLE,WRITER,VIEW_COUNT,REPLY_COUNT,REG_DATE,UPDATE_DATE) values (168,'notice','게시물테스트','관리자',null,null,to_timestamp('21/01/27 14:59:39.000000000','RR/MM/DD HH24:MI:SSXFF'),to_timestamp('21/01/27 14:59:39.000000000','RR/MM/DD HH24:MI:SSXFF'));
Insert into XE.TBL_BOARD (BNO,BOARD_TYPE,TITLE,WRITER,VIEW_COUNT,REPLY_COUNT,REG_DATE,UPDATE_DATE) values (169,'notice','게시물테스트','관리자',null,null,to_timestamp('21/01/27 14:59:39.000000000','RR/MM/DD HH24:MI:SSXFF'),to_timestamp('21/01/27 14:59:39.000000000','RR/MM/DD HH24:MI:SSXFF'));
Insert into XE.TBL_BOARD (BNO,BOARD_TYPE,TITLE,WRITER,VIEW_COUNT,REPLY_COUNT,REG_DATE,UPDATE_DATE) values (170,'notice','게시물테스트','관리자',null,null,to_timestamp('21/01/27 14:59:39.000000000','RR/MM/DD HH24:MI:SSXFF'),to_timestamp('21/01/27 14:59:39.000000000','RR/MM/DD HH24:MI:SSXFF'));
Insert into XE.TBL_BOARD (BNO,BOARD_TYPE,TITLE,WRITER,VIEW_COUNT,REPLY_COUNT,REG_DATE,UPDATE_DATE) values (171,'notice','게시물테스트','관리자',null,null,to_timestamp('21/01/27 14:59:39.000000000','RR/MM/DD HH24:MI:SSXFF'),to_timestamp('21/01/27 14:59:39.000000000','RR/MM/DD HH24:MI:SSXFF'));
Insert into XE.TBL_BOARD (BNO,BOARD_TYPE,TITLE,WRITER,VIEW_COUNT,REPLY_COUNT,REG_DATE,UPDATE_DATE) values (172,'notice','게시물테스트','관리자',null,null,to_timestamp('21/01/27 14:59:39.000000000','RR/MM/DD HH24:MI:SSXFF'),to_timestamp('21/01/27 14:59:39.000000000','RR/MM/DD HH24:MI:SSXFF'));
Insert into XE.TBL_BOARD (BNO,BOARD_TYPE,TITLE,WRITER,VIEW_COUNT,REPLY_COUNT,REG_DATE,UPDATE_DATE) values (173,'notice','게시물테스트','관리자',null,null,to_timestamp('21/01/27 14:59:39.000000000','RR/MM/DD HH24:MI:SSXFF'),to_timestamp('21/01/27 14:59:39.000000000','RR/MM/DD HH24:MI:SSXFF'));
Insert into XE.TBL_BOARD (BNO,BOARD_TYPE,TITLE,WRITER,VIEW_COUNT,REPLY_COUNT,REG_DATE,UPDATE_DATE) values (174,'notice','게시물테스트','관리자',null,null,to_timestamp('21/01/27 14:59:39.000000000','RR/MM/DD HH24:MI:SSXFF'),to_timestamp('21/01/27 14:59:39.000000000','RR/MM/DD HH24:MI:SSXFF'));
Insert into XE.TBL_BOARD (BNO,BOARD_TYPE,TITLE,WRITER,VIEW_COUNT,REPLY_COUNT,REG_DATE,UPDATE_DATE) values (175,'notice','게시물테스트','관리자',null,null,to_timestamp('21/01/27 14:59:39.000000000','RR/MM/DD HH24:MI:SSXFF'),to_timestamp('21/01/27 14:59:39.000000000','RR/MM/DD HH24:MI:SSXFF'));
Insert into XE.TBL_BOARD (BNO,BOARD_TYPE,TITLE,WRITER,VIEW_COUNT,REPLY_COUNT,REG_DATE,UPDATE_DATE) values (176,'notice','게시물테스트','관리자',null,null,to_timestamp('21/01/27 14:59:39.000000000','RR/MM/DD HH24:MI:SSXFF'),to_timestamp('21/01/27 14:59:39.000000000','RR/MM/DD HH24:MI:SSXFF'));
Insert into XE.TBL_BOARD (BNO,BOARD_TYPE,TITLE,WRITER,VIEW_COUNT,REPLY_COUNT,REG_DATE,UPDATE_DATE) values (177,'notice','게시물테스트','관리자',null,null,to_timestamp('21/01/27 14:59:39.000000000','RR/MM/DD HH24:MI:SSXFF'),to_timestamp('21/01/27 14:59:39.000000000','RR/MM/DD HH24:MI:SSXFF'));
Insert into XE.TBL_BOARD (BNO,BOARD_TYPE,TITLE,WRITER,VIEW_COUNT,REPLY_COUNT,REG_DATE,UPDATE_DATE) values (178,'notice','게시물테스트','관리자',null,null,to_timestamp('21/01/27 14:59:39.000000000','RR/MM/DD HH24:MI:SSXFF'),to_timestamp('21/01/27 14:59:39.000000000','RR/MM/DD HH24:MI:SSXFF'));
Insert into XE.TBL_BOARD (BNO,BOARD_TYPE,TITLE,WRITER,VIEW_COUNT,REPLY_COUNT,REG_DATE,UPDATE_DATE) values (179,'notice','게시물테스트','관리자',null,null,to_timestamp('21/01/27 14:59:39.000000000','RR/MM/DD HH24:MI:SSXFF'),to_timestamp('21/01/27 14:59:39.000000000','RR/MM/DD HH24:MI:SSXFF'));
Insert into XE.TBL_BOARD (BNO,BOARD_TYPE,TITLE,WRITER,VIEW_COUNT,REPLY_COUNT,REG_DATE,UPDATE_DATE) values (180,'notice','게시물테스트','관리자',null,null,to_timestamp('21/01/27 14:59:39.000000000','RR/MM/DD HH24:MI:SSXFF'),to_timestamp('21/01/27 14:59:39.000000000','RR/MM/DD HH24:MI:SSXFF'));
Insert into XE.TBL_BOARD (BNO,BOARD_TYPE,TITLE,WRITER,VIEW_COUNT,REPLY_COUNT,REG_DATE,UPDATE_DATE) values (181,'notice','게시물테스트','관리자',null,null,to_timestamp('21/01/27 14:59:39.000000000','RR/MM/DD HH24:MI:SSXFF'),to_timestamp('21/01/27 14:59:39.000000000','RR/MM/DD HH24:MI:SSXFF'));
Insert into XE.TBL_BOARD (BNO,BOARD_TYPE,TITLE,WRITER,VIEW_COUNT,REPLY_COUNT,REG_DATE,UPDATE_DATE) values (182,'notice','게시물테스트','관리자',null,null,to_timestamp('21/01/27 14:59:39.000000000','RR/MM/DD HH24:MI:SSXFF'),to_timestamp('21/01/27 14:59:39.000000000','RR/MM/DD HH24:MI:SSXFF'));
Insert into XE.TBL_BOARD (BNO,BOARD_TYPE,TITLE,WRITER,VIEW_COUNT,REPLY_COUNT,REG_DATE,UPDATE_DATE) values (183,'notice','게시물테스트','관리자',null,null,to_timestamp('21/01/27 14:59:39.000000000','RR/MM/DD HH24:MI:SSXFF'),to_timestamp('21/01/27 14:59:39.000000000','RR/MM/DD HH24:MI:SSXFF'));
Insert into XE.TBL_BOARD (BNO,BOARD_TYPE,TITLE,WRITER,VIEW_COUNT,REPLY_COUNT,REG_DATE,UPDATE_DATE) values (184,'notice','게시물테스트','관리자',null,null,to_timestamp('21/01/27 14:59:39.000000000','RR/MM/DD HH24:MI:SSXFF'),to_timestamp('21/01/27 14:59:39.000000000','RR/MM/DD HH24:MI:SSXFF'));
Insert into XE.TBL_BOARD (BNO,BOARD_TYPE,TITLE,WRITER,VIEW_COUNT,REPLY_COUNT,REG_DATE,UPDATE_DATE) values (185,'notice','게시물테스트','관리자',null,null,to_timestamp('21/01/27 14:59:39.000000000','RR/MM/DD HH24:MI:SSXFF'),to_timestamp('21/01/27 14:59:39.000000000','RR/MM/DD HH24:MI:SSXFF'));
Insert into XE.TBL_BOARD (BNO,BOARD_TYPE,TITLE,WRITER,VIEW_COUNT,REPLY_COUNT,REG_DATE,UPDATE_DATE) values (186,'notice','게시물테스트','관리자',null,null,to_timestamp('21/01/27 14:59:39.000000000','RR/MM/DD HH24:MI:SSXFF'),to_timestamp('21/01/27 14:59:39.000000000','RR/MM/DD HH24:MI:SSXFF'));
Insert into XE.TBL_BOARD (BNO,BOARD_TYPE,TITLE,WRITER,VIEW_COUNT,REPLY_COUNT,REG_DATE,UPDATE_DATE) values (187,'notice','게시물테스트','관리자',null,null,to_timestamp('21/01/27 14:59:39.000000000','RR/MM/DD HH24:MI:SSXFF'),to_timestamp('21/01/27 14:59:39.000000000','RR/MM/DD HH24:MI:SSXFF'));
Insert into XE.TBL_BOARD (BNO,BOARD_TYPE,TITLE,WRITER,VIEW_COUNT,REPLY_COUNT,REG_DATE,UPDATE_DATE) values (188,'notice','게시물테스트','관리자',null,null,to_timestamp('21/01/27 14:59:39.000000000','RR/MM/DD HH24:MI:SSXFF'),to_timestamp('21/01/27 14:59:39.000000000','RR/MM/DD HH24:MI:SSXFF'));
Insert into XE.TBL_BOARD (BNO,BOARD_TYPE,TITLE,WRITER,VIEW_COUNT,REPLY_COUNT,REG_DATE,UPDATE_DATE) values (189,'notice','게시물테스트','관리자',null,null,to_timestamp('21/01/27 14:59:39.000000000','RR/MM/DD HH24:MI:SSXFF'),to_timestamp('21/01/27 14:59:39.000000000','RR/MM/DD HH24:MI:SSXFF'));
Insert into XE.TBL_BOARD (BNO,BOARD_TYPE,TITLE,WRITER,VIEW_COUNT,REPLY_COUNT,REG_DATE,UPDATE_DATE) values (190,'notice','게시물테스트','관리자',null,null,to_timestamp('21/01/27 14:59:39.000000000','RR/MM/DD HH24:MI:SSXFF'),to_timestamp('21/01/27 14:59:39.000000000','RR/MM/DD HH24:MI:SSXFF'));
Insert into XE.TBL_BOARD (BNO,BOARD_TYPE,TITLE,WRITER,VIEW_COUNT,REPLY_COUNT,REG_DATE,UPDATE_DATE) values (191,'notice','게시물테스트','관리자',null,null,to_timestamp('21/01/27 14:59:39.000000000','RR/MM/DD HH24:MI:SSXFF'),to_timestamp('21/01/27 14:59:39.000000000','RR/MM/DD HH24:MI:SSXFF'));
Insert into XE.TBL_BOARD (BNO,BOARD_TYPE,TITLE,WRITER,VIEW_COUNT,REPLY_COUNT,REG_DATE,UPDATE_DATE) values (192,'notice','게시물테스트','관리자',null,null,to_timestamp('21/01/27 14:59:39.000000000','RR/MM/DD HH24:MI:SSXFF'),to_timestamp('21/01/27 14:59:39.000000000','RR/MM/DD HH24:MI:SSXFF'));
Insert into XE.TBL_BOARD (BNO,BOARD_TYPE,TITLE,WRITER,VIEW_COUNT,REPLY_COUNT,REG_DATE,UPDATE_DATE) values (193,'notice','게시물테스트','관리자',null,null,to_timestamp('21/01/27 14:59:39.000000000','RR/MM/DD HH24:MI:SSXFF'),to_timestamp('21/01/27 14:59:39.000000000','RR/MM/DD HH24:MI:SSXFF'));
Insert into XE.TBL_BOARD (BNO,BOARD_TYPE,TITLE,WRITER,VIEW_COUNT,REPLY_COUNT,REG_DATE,UPDATE_DATE) values (194,'notice','게시물테스트','관리자',null,null,to_timestamp('21/01/27 14:59:39.000000000','RR/MM/DD HH24:MI:SSXFF'),to_timestamp('21/01/27 14:59:39.000000000','RR/MM/DD HH24:MI:SSXFF'));
Insert into XE.TBL_BOARD (BNO,BOARD_TYPE,TITLE,WRITER,VIEW_COUNT,REPLY_COUNT,REG_DATE,UPDATE_DATE) values (195,'notice','게시물테스트','관리자',null,null,to_timestamp('21/01/27 14:59:39.000000000','RR/MM/DD HH24:MI:SSXFF'),to_timestamp('21/01/27 14:59:39.000000000','RR/MM/DD HH24:MI:SSXFF'));
Insert into XE.TBL_BOARD (BNO,BOARD_TYPE,TITLE,WRITER,VIEW_COUNT,REPLY_COUNT,REG_DATE,UPDATE_DATE) values (196,'notice','게시물테스트','관리자',null,null,to_timestamp('21/01/27 14:59:39.000000000','RR/MM/DD HH24:MI:SSXFF'),to_timestamp('21/01/27 14:59:39.000000000','RR/MM/DD HH24:MI:SSXFF'));
Insert into XE.TBL_BOARD (BNO,BOARD_TYPE,TITLE,WRITER,VIEW_COUNT,REPLY_COUNT,REG_DATE,UPDATE_DATE) values (197,'notice','게시물테스트','관리자',null,null,to_timestamp('21/01/27 14:59:39.000000000','RR/MM/DD HH24:MI:SSXFF'),to_timestamp('21/01/27 14:59:39.000000000','RR/MM/DD HH24:MI:SSXFF'));
Insert into XE.TBL_BOARD (BNO,BOARD_TYPE,TITLE,WRITER,VIEW_COUNT,REPLY_COUNT,REG_DATE,UPDATE_DATE) values (198,'notice','게시물테스트','관리자',null,null,to_timestamp('21/01/27 14:59:39.000000000','RR/MM/DD HH24:MI:SSXFF'),to_timestamp('21/01/27 14:59:39.000000000','RR/MM/DD HH24:MI:SSXFF'));
Insert into XE.TBL_BOARD (BNO,BOARD_TYPE,TITLE,WRITER,VIEW_COUNT,REPLY_COUNT,REG_DATE,UPDATE_DATE) values (199,'notice','게시물테스트','관리자',null,null,to_timestamp('21/01/27 14:59:39.000000000','RR/MM/DD HH24:MI:SSXFF'),to_timestamp('21/01/27 14:59:39.000000000','RR/MM/DD HH24:MI:SSXFF'));
Insert into XE.TBL_BOARD (BNO,BOARD_TYPE,TITLE,WRITER,VIEW_COUNT,REPLY_COUNT,REG_DATE,UPDATE_DATE) values (200,'notice','게시물테스트','관리자',null,null,to_timestamp('21/01/27 14:59:39.000000000','RR/MM/DD HH24:MI:SSXFF'),to_timestamp('21/01/27 14:59:39.000000000','RR/MM/DD HH24:MI:SSXFF'));
Insert into XE.TBL_BOARD (BNO,BOARD_TYPE,TITLE,WRITER,VIEW_COUNT,REPLY_COUNT,REG_DATE,UPDATE_DATE) values (201,'notice','게시물테스트','관리자',null,null,to_timestamp('21/01/27 14:59:43.000000000','RR/MM/DD HH24:MI:SSXFF'),to_timestamp('21/01/27 14:59:43.000000000','RR/MM/DD HH24:MI:SSXFF'));
Insert into XE.TBL_BOARD (BNO,BOARD_TYPE,TITLE,WRITER,VIEW_COUNT,REPLY_COUNT,REG_DATE,UPDATE_DATE) values (202,'notice','게시물테스트','관리자',null,null,to_timestamp('21/01/27 14:59:43.000000000','RR/MM/DD HH24:MI:SSXFF'),to_timestamp('21/01/27 14:59:43.000000000','RR/MM/DD HH24:MI:SSXFF'));
Insert into XE.TBL_BOARD (BNO,BOARD_TYPE,TITLE,WRITER,VIEW_COUNT,REPLY_COUNT,REG_DATE,UPDATE_DATE) values (203,'notice','게시물테스트','관리자',null,null,to_timestamp('21/01/27 14:59:43.000000000','RR/MM/DD HH24:MI:SSXFF'),to_timestamp('21/01/27 14:59:43.000000000','RR/MM/DD HH24:MI:SSXFF'));
Insert into XE.TBL_BOARD (BNO,BOARD_TYPE,TITLE,WRITER,VIEW_COUNT,REPLY_COUNT,REG_DATE,UPDATE_DATE) values (204,'notice','게시물테스트','관리자',null,null,to_timestamp('21/01/27 14:59:43.000000000','RR/MM/DD HH24:MI:SSXFF'),to_timestamp('21/01/27 14:59:43.000000000','RR/MM/DD HH24:MI:SSXFF'));
Insert into XE.TBL_BOARD (BNO,BOARD_TYPE,TITLE,WRITER,VIEW_COUNT,REPLY_COUNT,REG_DATE,UPDATE_DATE) values (205,'notice','게시물테스트','관리자',null,null,to_timestamp('21/01/27 14:59:43.000000000','RR/MM/DD HH24:MI:SSXFF'),to_timestamp('21/01/27 14:59:43.000000000','RR/MM/DD HH24:MI:SSXFF'));
Insert into XE.TBL_BOARD (BNO,BOARD_TYPE,TITLE,WRITER,VIEW_COUNT,REPLY_COUNT,REG_DATE,UPDATE_DATE) values (206,'notice','게시물테스트','관리자',null,null,to_timestamp('21/01/27 14:59:43.000000000','RR/MM/DD HH24:MI:SSXFF'),to_timestamp('21/01/27 14:59:43.000000000','RR/MM/DD HH24:MI:SSXFF'));
Insert into XE.TBL_BOARD (BNO,BOARD_TYPE,TITLE,WRITER,VIEW_COUNT,REPLY_COUNT,REG_DATE,UPDATE_DATE) values (207,'notice','게시물테스트','관리자',null,null,to_timestamp('21/01/27 14:59:43.000000000','RR/MM/DD HH24:MI:SSXFF'),to_timestamp('21/01/27 14:59:43.000000000','RR/MM/DD HH24:MI:SSXFF'));
Insert into XE.TBL_BOARD (BNO,BOARD_TYPE,TITLE,WRITER,VIEW_COUNT,REPLY_COUNT,REG_DATE,UPDATE_DATE) values (208,'notice','게시물테스트','관리자',null,null,to_timestamp('21/01/27 14:59:43.000000000','RR/MM/DD HH24:MI:SSXFF'),to_timestamp('21/01/27 14:59:43.000000000','RR/MM/DD HH24:MI:SSXFF'));
Insert into XE.TBL_BOARD (BNO,BOARD_TYPE,TITLE,WRITER,VIEW_COUNT,REPLY_COUNT,REG_DATE,UPDATE_DATE) values (209,'notice','게시물테스트','관리자',null,null,to_timestamp('21/01/27 14:59:43.000000000','RR/MM/DD HH24:MI:SSXFF'),to_timestamp('21/01/27 14:59:43.000000000','RR/MM/DD HH24:MI:SSXFF'));
Insert into XE.TBL_BOARD (BNO,BOARD_TYPE,TITLE,WRITER,VIEW_COUNT,REPLY_COUNT,REG_DATE,UPDATE_DATE) values (210,'notice','게시물테스트','관리자',null,null,to_timestamp('21/01/27 14:59:43.000000000','RR/MM/DD HH24:MI:SSXFF'),to_timestamp('21/01/27 14:59:43.000000000','RR/MM/DD HH24:MI:SSXFF'));
Insert into XE.TBL_BOARD (BNO,BOARD_TYPE,TITLE,WRITER,VIEW_COUNT,REPLY_COUNT,REG_DATE,UPDATE_DATE) values (211,'notice','게시물테스트','관리자',null,null,to_timestamp('21/01/27 14:59:43.000000000','RR/MM/DD HH24:MI:SSXFF'),to_timestamp('21/01/27 14:59:43.000000000','RR/MM/DD HH24:MI:SSXFF'));
Insert into XE.TBL_BOARD (BNO,BOARD_TYPE,TITLE,WRITER,VIEW_COUNT,REPLY_COUNT,REG_DATE,UPDATE_DATE) values (212,'notice','게시물테스트','관리자',null,null,to_timestamp('21/01/27 14:59:43.000000000','RR/MM/DD HH24:MI:SSXFF'),to_timestamp('21/01/27 14:59:43.000000000','RR/MM/DD HH24:MI:SSXFF'));
Insert into XE.TBL_BOARD (BNO,BOARD_TYPE,TITLE,WRITER,VIEW_COUNT,REPLY_COUNT,REG_DATE,UPDATE_DATE) values (213,'notice','게시물테스트','관리자',null,null,to_timestamp('21/01/27 14:59:43.000000000','RR/MM/DD HH24:MI:SSXFF'),to_timestamp('21/01/27 14:59:43.000000000','RR/MM/DD HH24:MI:SSXFF'));
Insert into XE.TBL_BOARD (BNO,BOARD_TYPE,TITLE,WRITER,VIEW_COUNT,REPLY_COUNT,REG_DATE,UPDATE_DATE) values (214,'notice','게시물테스트','관리자',null,null,to_timestamp('21/01/27 14:59:43.000000000','RR/MM/DD HH24:MI:SSXFF'),to_timestamp('21/01/27 14:59:43.000000000','RR/MM/DD HH24:MI:SSXFF'));
Insert into XE.TBL_BOARD (BNO,BOARD_TYPE,TITLE,WRITER,VIEW_COUNT,REPLY_COUNT,REG_DATE,UPDATE_DATE) values (215,'notice','게시물테스트','관리자',null,null,to_timestamp('21/01/27 14:59:43.000000000','RR/MM/DD HH24:MI:SSXFF'),to_timestamp('21/01/27 14:59:43.000000000','RR/MM/DD HH24:MI:SSXFF'));
Insert into XE.TBL_BOARD (BNO,BOARD_TYPE,TITLE,WRITER,VIEW_COUNT,REPLY_COUNT,REG_DATE,UPDATE_DATE) values (216,'notice','게시물테스트','관리자',null,null,to_timestamp('21/01/27 14:59:43.000000000','RR/MM/DD HH24:MI:SSXFF'),to_timestamp('21/01/27 14:59:43.000000000','RR/MM/DD HH24:MI:SSXFF'));
Insert into XE.TBL_BOARD (BNO,BOARD_TYPE,TITLE,WRITER,VIEW_COUNT,REPLY_COUNT,REG_DATE,UPDATE_DATE) values (217,'notice','게시물테스트','관리자',null,null,to_timestamp('21/01/27 14:59:43.000000000','RR/MM/DD HH24:MI:SSXFF'),to_timestamp('21/01/27 14:59:43.000000000','RR/MM/DD HH24:MI:SSXFF'));
Insert into XE.TBL_BOARD (BNO,BOARD_TYPE,TITLE,WRITER,VIEW_COUNT,REPLY_COUNT,REG_DATE,UPDATE_DATE) values (218,'notice','게시물테스트','관리자',null,null,to_timestamp('21/01/27 14:59:43.000000000','RR/MM/DD HH24:MI:SSXFF'),to_timestamp('21/01/27 14:59:43.000000000','RR/MM/DD HH24:MI:SSXFF'));
Insert into XE.TBL_BOARD (BNO,BOARD_TYPE,TITLE,WRITER,VIEW_COUNT,REPLY_COUNT,REG_DATE,UPDATE_DATE) values (219,'notice','게시물테스트','관리자',null,null,to_timestamp('21/01/27 14:59:43.000000000','RR/MM/DD HH24:MI:SSXFF'),to_timestamp('21/01/27 14:59:43.000000000','RR/MM/DD HH24:MI:SSXFF'));
Insert into XE.TBL_BOARD (BNO,BOARD_TYPE,TITLE,WRITER,VIEW_COUNT,REPLY_COUNT,REG_DATE,UPDATE_DATE) values (220,'notice','게시물테스트','관리자',null,null,to_timestamp('21/01/27 14:59:43.000000000','RR/MM/DD HH24:MI:SSXFF'),to_timestamp('21/01/27 14:59:43.000000000','RR/MM/DD HH24:MI:SSXFF'));
Insert into XE.TBL_BOARD (BNO,BOARD_TYPE,TITLE,WRITER,VIEW_COUNT,REPLY_COUNT,REG_DATE,UPDATE_DATE) values (221,'notice','게시물테스트','관리자',null,null,to_timestamp('21/01/27 14:59:43.000000000','RR/MM/DD HH24:MI:SSXFF'),to_timestamp('21/01/27 14:59:43.000000000','RR/MM/DD HH24:MI:SSXFF'));
Insert into XE.TBL_BOARD (BNO,BOARD_TYPE,TITLE,WRITER,VIEW_COUNT,REPLY_COUNT,REG_DATE,UPDATE_DATE) values (222,'notice','게시물테스트','관리자',null,null,to_timestamp('21/01/27 14:59:43.000000000','RR/MM/DD HH24:MI:SSXFF'),to_timestamp('21/01/27 14:59:43.000000000','RR/MM/DD HH24:MI:SSXFF'));
Insert into XE.TBL_BOARD (BNO,BOARD_TYPE,TITLE,WRITER,VIEW_COUNT,REPLY_COUNT,REG_DATE,UPDATE_DATE) values (223,'notice','게시물테스트','관리자',null,null,to_timestamp('21/01/27 14:59:43.000000000','RR/MM/DD HH24:MI:SSXFF'),to_timestamp('21/01/27 14:59:43.000000000','RR/MM/DD HH24:MI:SSXFF'));
Insert into XE.TBL_BOARD (BNO,BOARD_TYPE,TITLE,WRITER,VIEW_COUNT,REPLY_COUNT,REG_DATE,UPDATE_DATE) values (224,'notice','게시물테스트','관리자',null,null,to_timestamp('21/01/27 14:59:43.000000000','RR/MM/DD HH24:MI:SSXFF'),to_timestamp('21/01/27 14:59:43.000000000','RR/MM/DD HH24:MI:SSXFF'));
Insert into XE.TBL_BOARD (BNO,BOARD_TYPE,TITLE,WRITER,VIEW_COUNT,REPLY_COUNT,REG_DATE,UPDATE_DATE) values (225,'notice','게시물테스트','관리자',null,null,to_timestamp('21/01/27 14:59:43.000000000','RR/MM/DD HH24:MI:SSXFF'),to_timestamp('21/01/27 14:59:43.000000000','RR/MM/DD HH24:MI:SSXFF'));
Insert into XE.TBL_BOARD (BNO,BOARD_TYPE,TITLE,WRITER,VIEW_COUNT,REPLY_COUNT,REG_DATE,UPDATE_DATE) values (250,'notice','게시물테스트','관리자',null,null,to_timestamp('21/01/27 14:59:43.000000000','RR/MM/DD HH24:MI:SSXFF'),to_timestamp('21/01/27 14:59:43.000000000','RR/MM/DD HH24:MI:SSXFF'));
Insert into XE.TBL_BOARD (BNO,BOARD_TYPE,TITLE,WRITER,VIEW_COUNT,REPLY_COUNT,REG_DATE,UPDATE_DATE) values (251,'notice','게시물테스트','관리자',null,null,to_timestamp('21/01/27 14:59:55.000000000','RR/MM/DD HH24:MI:SSXFF'),to_timestamp('21/01/27 14:59:55.000000000','RR/MM/DD HH24:MI:SSXFF'));
Insert into XE.TBL_BOARD (BNO,BOARD_TYPE,TITLE,WRITER,VIEW_COUNT,REPLY_COUNT,REG_DATE,UPDATE_DATE) values (252,'notice','게시물테스트','관리자',null,null,to_timestamp('21/01/27 14:59:55.000000000','RR/MM/DD HH24:MI:SSXFF'),to_timestamp('21/01/27 14:59:55.000000000','RR/MM/DD HH24:MI:SSXFF'));
Insert into XE.TBL_BOARD (BNO,BOARD_TYPE,TITLE,WRITER,VIEW_COUNT,REPLY_COUNT,REG_DATE,UPDATE_DATE) values (253,'notice','게시물테스트','관리자',null,null,to_timestamp('21/01/27 14:59:55.000000000','RR/MM/DD HH24:MI:SSXFF'),to_timestamp('21/01/27 14:59:55.000000000','RR/MM/DD HH24:MI:SSXFF'));
Insert into XE.TBL_BOARD (BNO,BOARD_TYPE,TITLE,WRITER,VIEW_COUNT,REPLY_COUNT,REG_DATE,UPDATE_DATE) values (254,'notice','게시물테스트','관리자',null,null,to_timestamp('21/01/27 14:59:55.000000000','RR/MM/DD HH24:MI:SSXFF'),to_timestamp('21/01/27 14:59:55.000000000','RR/MM/DD HH24:MI:SSXFF'));
Insert into XE.TBL_BOARD (BNO,BOARD_TYPE,TITLE,WRITER,VIEW_COUNT,REPLY_COUNT,REG_DATE,UPDATE_DATE) values (255,'notice','게시물테스트','관리자',null,null,to_timestamp('21/01/27 14:59:55.000000000','RR/MM/DD HH24:MI:SSXFF'),to_timestamp('21/01/27 14:59:55.000000000','RR/MM/DD HH24:MI:SSXFF'));
Insert into XE.TBL_BOARD (BNO,BOARD_TYPE,TITLE,WRITER,VIEW_COUNT,REPLY_COUNT,REG_DATE,UPDATE_DATE) values (256,'notice','게시물테스트','관리자',null,null,to_timestamp('21/01/27 14:59:55.000000000','RR/MM/DD HH24:MI:SSXFF'),to_timestamp('21/01/27 14:59:55.000000000','RR/MM/DD HH24:MI:SSXFF'));
Insert into XE.TBL_BOARD (BNO,BOARD_TYPE,TITLE,WRITER,VIEW_COUNT,REPLY_COUNT,REG_DATE,UPDATE_DATE) values (257,'notice','게시물테스트','관리자',null,null,to_timestamp('21/01/27 14:59:55.000000000','RR/MM/DD HH24:MI:SSXFF'),to_timestamp('21/01/27 14:59:55.000000000','RR/MM/DD HH24:MI:SSXFF'));
Insert into XE.TBL_BOARD (BNO,BOARD_TYPE,TITLE,WRITER,VIEW_COUNT,REPLY_COUNT,REG_DATE,UPDATE_DATE) values (258,'notice','게시물테스트','관리자',null,null,to_timestamp('21/01/27 14:59:55.000000000','RR/MM/DD HH24:MI:SSXFF'),to_timestamp('21/01/27 14:59:55.000000000','RR/MM/DD HH24:MI:SSXFF'));
Insert into XE.TBL_BOARD (BNO,BOARD_TYPE,TITLE,WRITER,VIEW_COUNT,REPLY_COUNT,REG_DATE,UPDATE_DATE) values (259,'notice','게시물테스트','관리자',null,null,to_timestamp('21/01/27 14:59:55.000000000','RR/MM/DD HH24:MI:SSXFF'),to_timestamp('21/01/27 14:59:55.000000000','RR/MM/DD HH24:MI:SSXFF'));
Insert into XE.TBL_BOARD (BNO,BOARD_TYPE,TITLE,WRITER,VIEW_COUNT,REPLY_COUNT,REG_DATE,UPDATE_DATE) values (260,'notice','게시물테스트','관리자',null,null,to_timestamp('21/01/27 14:59:55.000000000','RR/MM/DD HH24:MI:SSXFF'),to_timestamp('21/01/27 14:59:55.000000000','RR/MM/DD HH24:MI:SSXFF'));
Insert into XE.TBL_BOARD (BNO,BOARD_TYPE,TITLE,WRITER,VIEW_COUNT,REPLY_COUNT,REG_DATE,UPDATE_DATE) values (261,'notice','게시물테스트','관리자',null,null,to_timestamp('21/01/27 14:59:55.000000000','RR/MM/DD HH24:MI:SSXFF'),to_timestamp('21/01/27 14:59:55.000000000','RR/MM/DD HH24:MI:SSXFF'));
Insert into XE.TBL_BOARD (BNO,BOARD_TYPE,TITLE,WRITER,VIEW_COUNT,REPLY_COUNT,REG_DATE,UPDATE_DATE) values (262,'notice','게시물테스트','관리자',null,null,to_timestamp('21/01/27 14:59:55.000000000','RR/MM/DD HH24:MI:SSXFF'),to_timestamp('21/01/27 14:59:55.000000000','RR/MM/DD HH24:MI:SSXFF'));
Insert into XE.TBL_BOARD (BNO,BOARD_TYPE,TITLE,WRITER,VIEW_COUNT,REPLY_COUNT,REG_DATE,UPDATE_DATE) values (263,'notice','게시물테스트','관리자',null,null,to_timestamp('21/01/27 14:59:55.000000000','RR/MM/DD HH24:MI:SSXFF'),to_timestamp('21/01/27 14:59:55.000000000','RR/MM/DD HH24:MI:SSXFF'));
Insert into XE.TBL_BOARD (BNO,BOARD_TYPE,TITLE,WRITER,VIEW_COUNT,REPLY_COUNT,REG_DATE,UPDATE_DATE) values (264,'notice','게시물테스트','관리자',null,null,to_timestamp('21/01/27 14:59:55.000000000','RR/MM/DD HH24:MI:SSXFF'),to_timestamp('21/01/27 14:59:55.000000000','RR/MM/DD HH24:MI:SSXFF'));
Insert into XE.TBL_BOARD (BNO,BOARD_TYPE,TITLE,WRITER,VIEW_COUNT,REPLY_COUNT,REG_DATE,UPDATE_DATE) values (265,'notice','게시물테스트','관리자',null,null,to_timestamp('21/01/27 14:59:55.000000000','RR/MM/DD HH24:MI:SSXFF'),to_timestamp('21/01/27 14:59:55.000000000','RR/MM/DD HH24:MI:SSXFF'));
Insert into XE.TBL_BOARD (BNO,BOARD_TYPE,TITLE,WRITER,VIEW_COUNT,REPLY_COUNT,REG_DATE,UPDATE_DATE) values (266,'notice','게시물테스트','관리자',null,null,to_timestamp('21/01/27 14:59:55.000000000','RR/MM/DD HH24:MI:SSXFF'),to_timestamp('21/01/27 14:59:55.000000000','RR/MM/DD HH24:MI:SSXFF'));
Insert into XE.TBL_BOARD (BNO,BOARD_TYPE,TITLE,WRITER,VIEW_COUNT,REPLY_COUNT,REG_DATE,UPDATE_DATE) values (267,'notice','게시물테스트','관리자',null,null,to_timestamp('21/01/27 14:59:55.000000000','RR/MM/DD HH24:MI:SSXFF'),to_timestamp('21/01/27 14:59:55.000000000','RR/MM/DD HH24:MI:SSXFF'));
Insert into XE.TBL_BOARD (BNO,BOARD_TYPE,TITLE,WRITER,VIEW_COUNT,REPLY_COUNT,REG_DATE,UPDATE_DATE) values (268,'notice','게시물테스트','관리자',null,null,to_timestamp('21/01/27 14:59:55.000000000','RR/MM/DD HH24:MI:SSXFF'),to_timestamp('21/01/27 14:59:55.000000000','RR/MM/DD HH24:MI:SSXFF'));
Insert into XE.TBL_BOARD (BNO,BOARD_TYPE,TITLE,WRITER,VIEW_COUNT,REPLY_COUNT,REG_DATE,UPDATE_DATE) values (269,'notice','게시물테스트','관리자',null,null,to_timestamp('21/01/27 14:59:55.000000000','RR/MM/DD HH24:MI:SSXFF'),to_timestamp('21/01/27 14:59:55.000000000','RR/MM/DD HH24:MI:SSXFF'));
Insert into XE.TBL_BOARD (BNO,BOARD_TYPE,TITLE,WRITER,VIEW_COUNT,REPLY_COUNT,REG_DATE,UPDATE_DATE) values (270,'notice','게시물테스트','관리자',null,null,to_timestamp('21/01/27 14:59:55.000000000','RR/MM/DD HH24:MI:SSXFF'),to_timestamp('21/01/27 14:59:55.000000000','RR/MM/DD HH24:MI:SSXFF'));
Insert into XE.TBL_BOARD (BNO,BOARD_TYPE,TITLE,WRITER,VIEW_COUNT,REPLY_COUNT,REG_DATE,UPDATE_DATE) values (271,'notice','게시물테스트','관리자',null,null,to_timestamp('21/01/27 14:59:55.000000000','RR/MM/DD HH24:MI:SSXFF'),to_timestamp('21/01/27 14:59:55.000000000','RR/MM/DD HH24:MI:SSXFF'));
Insert into XE.TBL_BOARD (BNO,BOARD_TYPE,TITLE,WRITER,VIEW_COUNT,REPLY_COUNT,REG_DATE,UPDATE_DATE) values (272,'notice','게시물테스트','관리자',null,null,to_timestamp('21/01/27 14:59:55.000000000','RR/MM/DD HH24:MI:SSXFF'),to_timestamp('21/01/27 14:59:55.000000000','RR/MM/DD HH24:MI:SSXFF'));
Insert into XE.TBL_BOARD (BNO,BOARD_TYPE,TITLE,WRITER,VIEW_COUNT,REPLY_COUNT,REG_DATE,UPDATE_DATE) values (273,'notice','게시물테스트','관리자',null,null,to_timestamp('21/01/27 14:59:55.000000000','RR/MM/DD HH24:MI:SSXFF'),to_timestamp('21/01/27 14:59:55.000000000','RR/MM/DD HH24:MI:SSXFF'));
Insert into XE.TBL_BOARD (BNO,BOARD_TYPE,TITLE,WRITER,VIEW_COUNT,REPLY_COUNT,REG_DATE,UPDATE_DATE) values (274,'notice','게시물테스트','관리자',null,null,to_timestamp('21/01/27 14:59:55.000000000','RR/MM/DD HH24:MI:SSXFF'),to_timestamp('21/01/27 14:59:55.000000000','RR/MM/DD HH24:MI:SSXFF'));
Insert into XE.TBL_BOARD (BNO,BOARD_TYPE,TITLE,WRITER,VIEW_COUNT,REPLY_COUNT,REG_DATE,UPDATE_DATE) values (275,'notice','게시물테스트','관리자',null,null,to_timestamp('21/01/27 14:59:55.000000000','RR/MM/DD HH24:MI:SSXFF'),to_timestamp('21/01/27 14:59:55.000000000','RR/MM/DD HH24:MI:SSXFF'));
Insert into XE.TBL_BOARD (BNO,BOARD_TYPE,TITLE,WRITER,VIEW_COUNT,REPLY_COUNT,REG_DATE,UPDATE_DATE) values (276,'notice','게시물테스트','관리자',null,null,to_timestamp('21/01/27 14:59:55.000000000','RR/MM/DD HH24:MI:SSXFF'),to_timestamp('21/01/27 14:59:55.000000000','RR/MM/DD HH24:MI:SSXFF'));
Insert into XE.TBL_BOARD (BNO,BOARD_TYPE,TITLE,WRITER,VIEW_COUNT,REPLY_COUNT,REG_DATE,UPDATE_DATE) values (277,'notice','게시물테스트','관리자',null,null,to_timestamp('21/01/27 14:59:55.000000000','RR/MM/DD HH24:MI:SSXFF'),to_timestamp('21/01/27 14:59:55.000000000','RR/MM/DD HH24:MI:SSXFF'));
Insert into XE.TBL_BOARD (BNO,BOARD_TYPE,TITLE,WRITER,VIEW_COUNT,REPLY_COUNT,REG_DATE,UPDATE_DATE) values (278,'notice','게시물테스트','관리자',null,null,to_timestamp('21/01/27 14:59:55.000000000','RR/MM/DD HH24:MI:SSXFF'),to_timestamp('21/01/27 14:59:55.000000000','RR/MM/DD HH24:MI:SSXFF'));
Insert into XE.TBL_BOARD (BNO,BOARD_TYPE,TITLE,WRITER,VIEW_COUNT,REPLY_COUNT,REG_DATE,UPDATE_DATE) values (279,'notice','게시물테스트','관리자',null,null,to_timestamp('21/01/27 14:59:55.000000000','RR/MM/DD HH24:MI:SSXFF'),to_timestamp('21/01/27 14:59:55.000000000','RR/MM/DD HH24:MI:SSXFF'));
Insert into XE.TBL_BOARD (BNO,BOARD_TYPE,TITLE,WRITER,VIEW_COUNT,REPLY_COUNT,REG_DATE,UPDATE_DATE) values (280,'notice','게시물테스트','관리자',null,null,to_timestamp('21/01/27 14:59:55.000000000','RR/MM/DD HH24:MI:SSXFF'),to_timestamp('21/01/27 14:59:55.000000000','RR/MM/DD HH24:MI:SSXFF'));
Insert into XE.TBL_BOARD (BNO,BOARD_TYPE,TITLE,WRITER,VIEW_COUNT,REPLY_COUNT,REG_DATE,UPDATE_DATE) values (281,'notice','게시물테스트','관리자',null,null,to_timestamp('21/01/27 14:59:55.000000000','RR/MM/DD HH24:MI:SSXFF'),to_timestamp('21/01/27 14:59:55.000000000','RR/MM/DD HH24:MI:SSXFF'));
Insert into XE.TBL_BOARD (BNO,BOARD_TYPE,TITLE,WRITER,VIEW_COUNT,REPLY_COUNT,REG_DATE,UPDATE_DATE) values (282,'notice','게시물테스트','관리자',null,null,to_timestamp('21/01/27 14:59:55.000000000','RR/MM/DD HH24:MI:SSXFF'),to_timestamp('21/01/27 14:59:55.000000000','RR/MM/DD HH24:MI:SSXFF'));
Insert into XE.TBL_BOARD (BNO,BOARD_TYPE,TITLE,WRITER,VIEW_COUNT,REPLY_COUNT,REG_DATE,UPDATE_DATE) values (283,'notice','게시물테스트','관리자',null,null,to_timestamp('21/01/27 14:59:55.000000000','RR/MM/DD HH24:MI:SSXFF'),to_timestamp('21/01/27 14:59:55.000000000','RR/MM/DD HH24:MI:SSXFF'));
Insert into XE.TBL_BOARD (BNO,BOARD_TYPE,TITLE,WRITER,VIEW_COUNT,REPLY_COUNT,REG_DATE,UPDATE_DATE) values (284,'notice','게시물테스트','관리자',null,null,to_timestamp('21/01/27 14:59:55.000000000','RR/MM/DD HH24:MI:SSXFF'),to_timestamp('21/01/27 14:59:55.000000000','RR/MM/DD HH24:MI:SSXFF'));
Insert into XE.TBL_BOARD (BNO,BOARD_TYPE,TITLE,WRITER,VIEW_COUNT,REPLY_COUNT,REG_DATE,UPDATE_DATE) values (285,'notice','게시물테스트','관리자',null,null,to_timestamp('21/01/27 14:59:55.000000000','RR/MM/DD HH24:MI:SSXFF'),to_timestamp('21/01/27 14:59:55.000000000','RR/MM/DD HH24:MI:SSXFF'));
Insert into XE.TBL_BOARD (BNO,BOARD_TYPE,TITLE,WRITER,VIEW_COUNT,REPLY_COUNT,REG_DATE,UPDATE_DATE) values (286,'notice','게시물테스트','관리자',null,null,to_timestamp('21/01/27 14:59:55.000000000','RR/MM/DD HH24:MI:SSXFF'),to_timestamp('21/01/27 14:59:55.000000000','RR/MM/DD HH24:MI:SSXFF'));
Insert into XE.TBL_BOARD (BNO,BOARD_TYPE,TITLE,WRITER,VIEW_COUNT,REPLY_COUNT,REG_DATE,UPDATE_DATE) values (287,'notice','게시물테스트','관리자',null,null,to_timestamp('21/01/27 14:59:55.000000000','RR/MM/DD HH24:MI:SSXFF'),to_timestamp('21/01/27 14:59:55.000000000','RR/MM/DD HH24:MI:SSXFF'));
Insert into XE.TBL_BOARD (BNO,BOARD_TYPE,TITLE,WRITER,VIEW_COUNT,REPLY_COUNT,REG_DATE,UPDATE_DATE) values (288,'notice','게시물테스트','관리자',null,null,to_timestamp('21/01/27 14:59:55.000000000','RR/MM/DD HH24:MI:SSXFF'),to_timestamp('21/01/27 14:59:55.000000000','RR/MM/DD HH24:MI:SSXFF'));
Insert into XE.TBL_BOARD (BNO,BOARD_TYPE,TITLE,WRITER,VIEW_COUNT,REPLY_COUNT,REG_DATE,UPDATE_DATE) values (289,'notice','게시물테스트','관리자',null,null,to_timestamp('21/01/27 14:59:55.000000000','RR/MM/DD HH24:MI:SSXFF'),to_timestamp('21/01/27 14:59:55.000000000','RR/MM/DD HH24:MI:SSXFF'));
Insert into XE.TBL_BOARD (BNO,BOARD_TYPE,TITLE,WRITER,VIEW_COUNT,REPLY_COUNT,REG_DATE,UPDATE_DATE) values (290,'notice','게시물테스트','관리자',null,null,to_timestamp('21/01/27 14:59:55.000000000','RR/MM/DD HH24:MI:SSXFF'),to_timestamp('21/01/27 14:59:55.000000000','RR/MM/DD HH24:MI:SSXFF'));
Insert into XE.TBL_BOARD (BNO,BOARD_TYPE,TITLE,WRITER,VIEW_COUNT,REPLY_COUNT,REG_DATE,UPDATE_DATE) values (291,'notice','게시물테스트','관리자',null,null,to_timestamp('21/01/27 14:59:55.000000000','RR/MM/DD HH24:MI:SSXFF'),to_timestamp('21/01/27 14:59:55.000000000','RR/MM/DD HH24:MI:SSXFF'));
Insert into XE.TBL_BOARD (BNO,BOARD_TYPE,TITLE,WRITER,VIEW_COUNT,REPLY_COUNT,REG_DATE,UPDATE_DATE) values (292,'notice','게시물테스트','관리자',null,null,to_timestamp('21/01/27 14:59:55.000000000','RR/MM/DD HH24:MI:SSXFF'),to_timestamp('21/01/27 14:59:55.000000000','RR/MM/DD HH24:MI:SSXFF'));
Insert into XE.TBL_BOARD (BNO,BOARD_TYPE,TITLE,WRITER,VIEW_COUNT,REPLY_COUNT,REG_DATE,UPDATE_DATE) values (293,'notice','게시물테스트','관리자',null,null,to_timestamp('21/01/27 14:59:55.000000000','RR/MM/DD HH24:MI:SSXFF'),to_timestamp('21/01/27 14:59:55.000000000','RR/MM/DD HH24:MI:SSXFF'));
Insert into XE.TBL_BOARD (BNO,BOARD_TYPE,TITLE,WRITER,VIEW_COUNT,REPLY_COUNT,REG_DATE,UPDATE_DATE) values (294,'notice','게시물테스트','관리자',null,null,to_timestamp('21/01/27 14:59:55.000000000','RR/MM/DD HH24:MI:SSXFF'),to_timestamp('21/01/27 14:59:55.000000000','RR/MM/DD HH24:MI:SSXFF'));
Insert into XE.TBL_BOARD (BNO,BOARD_TYPE,TITLE,WRITER,VIEW_COUNT,REPLY_COUNT,REG_DATE,UPDATE_DATE) values (295,'notice','게시물테스트','관리자',null,null,to_timestamp('21/01/27 14:59:55.000000000','RR/MM/DD HH24:MI:SSXFF'),to_timestamp('21/01/27 14:59:55.000000000','RR/MM/DD HH24:MI:SSXFF'));
Insert into XE.TBL_BOARD (BNO,BOARD_TYPE,TITLE,WRITER,VIEW_COUNT,REPLY_COUNT,REG_DATE,UPDATE_DATE) values (296,'notice','게시물테스트','관리자',null,null,to_timestamp('21/01/27 14:59:55.000000000','RR/MM/DD HH24:MI:SSXFF'),to_timestamp('21/01/27 14:59:55.000000000','RR/MM/DD HH24:MI:SSXFF'));
Insert into XE.TBL_BOARD (BNO,BOARD_TYPE,TITLE,WRITER,VIEW_COUNT,REPLY_COUNT,REG_DATE,UPDATE_DATE) values (297,'notice','게시물테스트','관리자',null,null,to_timestamp('21/01/27 14:59:55.000000000','RR/MM/DD HH24:MI:SSXFF'),to_timestamp('21/01/27 14:59:55.000000000','RR/MM/DD HH24:MI:SSXFF'));
Insert into XE.TBL_BOARD (BNO,BOARD_TYPE,TITLE,WRITER,VIEW_COUNT,REPLY_COUNT,REG_DATE,UPDATE_DATE) values (298,'notice','게시물테스트','관리자',null,null,to_timestamp('21/01/27 14:59:55.000000000','RR/MM/DD HH24:MI:SSXFF'),to_timestamp('21/01/27 14:59:55.000000000','RR/MM/DD HH24:MI:SSXFF'));
Insert into XE.TBL_BOARD (BNO,BOARD_TYPE,TITLE,WRITER,VIEW_COUNT,REPLY_COUNT,REG_DATE,UPDATE_DATE) values (299,'notice','게시물테스트','관리자',null,null,to_timestamp('21/01/27 14:59:55.000000000','RR/MM/DD HH24:MI:SSXFF'),to_timestamp('21/01/27 14:59:55.000000000','RR/MM/DD HH24:MI:SSXFF'));
Insert into XE.TBL_BOARD (BNO,BOARD_TYPE,TITLE,WRITER,VIEW_COUNT,REPLY_COUNT,REG_DATE,UPDATE_DATE) values (300,'notice','게시물테스트','관리자',null,null,to_timestamp('21/01/27 14:59:55.000000000','RR/MM/DD HH24:MI:SSXFF'),to_timestamp('21/01/27 14:59:55.000000000','RR/MM/DD HH24:MI:SSXFF'));
Insert into XE.TBL_BOARD (BNO,BOARD_TYPE,TITLE,WRITER,VIEW_COUNT,REPLY_COUNT,REG_DATE,UPDATE_DATE) values (1,'notice','게시물테스트','관리자',null,null,to_timestamp('21/01/27 14:57:10.000000000','RR/MM/DD HH24:MI:SSXFF'),to_timestamp('21/01/27 14:57:10.000000000','RR/MM/DD HH24:MI:SSXFF'));
Insert into XE.TBL_BOARD (BNO,BOARD_TYPE,TITLE,WRITER,VIEW_COUNT,REPLY_COUNT,REG_DATE,UPDATE_DATE) values (2,'notice','게시물테스트','관리자',null,null,to_timestamp('21/01/27 14:57:10.000000000','RR/MM/DD HH24:MI:SSXFF'),to_timestamp('21/01/27 14:57:10.000000000','RR/MM/DD HH24:MI:SSXFF'));
Insert into XE.TBL_BOARD (BNO,BOARD_TYPE,TITLE,WRITER,VIEW_COUNT,REPLY_COUNT,REG_DATE,UPDATE_DATE) values (3,'notice','게시물테스트','관리자',null,null,to_timestamp('21/01/27 14:57:10.000000000','RR/MM/DD HH24:MI:SSXFF'),to_timestamp('21/01/27 14:57:10.000000000','RR/MM/DD HH24:MI:SSXFF'));
Insert into XE.TBL_BOARD (BNO,BOARD_TYPE,TITLE,WRITER,VIEW_COUNT,REPLY_COUNT,REG_DATE,UPDATE_DATE) values (4,'notice','게시물테스트','관리자',null,null,to_timestamp('21/01/27 14:57:10.000000000','RR/MM/DD HH24:MI:SSXFF'),to_timestamp('21/01/27 14:57:10.000000000','RR/MM/DD HH24:MI:SSXFF'));
Insert into XE.TBL_BOARD (BNO,BOARD_TYPE,TITLE,WRITER,VIEW_COUNT,REPLY_COUNT,REG_DATE,UPDATE_DATE) values (5,'notice','게시물테스트','관리자',null,null,to_timestamp('21/01/27 14:57:10.000000000','RR/MM/DD HH24:MI:SSXFF'),to_timestamp('21/01/27 14:57:10.000000000','RR/MM/DD HH24:MI:SSXFF'));
Insert into XE.TBL_BOARD (BNO,BOARD_TYPE,TITLE,WRITER,VIEW_COUNT,REPLY_COUNT,REG_DATE,UPDATE_DATE) values (6,'notice','게시물테스트','관리자',null,null,to_timestamp('21/01/27 14:57:10.000000000','RR/MM/DD HH24:MI:SSXFF'),to_timestamp('21/01/27 14:57:10.000000000','RR/MM/DD HH24:MI:SSXFF'));
Insert into XE.TBL_BOARD (BNO,BOARD_TYPE,TITLE,WRITER,VIEW_COUNT,REPLY_COUNT,REG_DATE,UPDATE_DATE) values (7,'notice','게시물테스트','관리자',null,null,to_timestamp('21/01/27 14:57:10.000000000','RR/MM/DD HH24:MI:SSXFF'),to_timestamp('21/01/27 14:57:10.000000000','RR/MM/DD HH24:MI:SSXFF'));
Insert into XE.TBL_BOARD (BNO,BOARD_TYPE,TITLE,WRITER,VIEW_COUNT,REPLY_COUNT,REG_DATE,UPDATE_DATE) values (8,'notice','게시물테스트','관리자',null,null,to_timestamp('21/01/27 14:57:10.000000000','RR/MM/DD HH24:MI:SSXFF'),to_timestamp('21/01/27 14:57:10.000000000','RR/MM/DD HH24:MI:SSXFF'));
Insert into XE.TBL_BOARD (BNO,BOARD_TYPE,TITLE,WRITER,VIEW_COUNT,REPLY_COUNT,REG_DATE,UPDATE_DATE) values (9,'notice','게시물테스트','관리자',null,null,to_timestamp('21/01/27 14:57:10.000000000','RR/MM/DD HH24:MI:SSXFF'),to_timestamp('21/01/27 14:57:10.000000000','RR/MM/DD HH24:MI:SSXFF'));
Insert into XE.TBL_BOARD (BNO,BOARD_TYPE,TITLE,WRITER,VIEW_COUNT,REPLY_COUNT,REG_DATE,UPDATE_DATE) values (10,'notice','게시물테스트','관리자',null,null,to_timestamp('21/01/27 14:57:10.000000000','RR/MM/DD HH24:MI:SSXFF'),to_timestamp('21/01/27 14:57:10.000000000','RR/MM/DD HH24:MI:SSXFF'));
Insert into XE.TBL_BOARD (BNO,BOARD_TYPE,TITLE,WRITER,VIEW_COUNT,REPLY_COUNT,REG_DATE,UPDATE_DATE) values (11,'notice','게시물테스트','관리자',null,null,to_timestamp('21/01/27 14:57:10.000000000','RR/MM/DD HH24:MI:SSXFF'),to_timestamp('21/01/27 14:57:10.000000000','RR/MM/DD HH24:MI:SSXFF'));
Insert into XE.TBL_BOARD (BNO,BOARD_TYPE,TITLE,WRITER,VIEW_COUNT,REPLY_COUNT,REG_DATE,UPDATE_DATE) values (12,'notice','게시물테스트','관리자',null,null,to_timestamp('21/01/27 14:57:10.000000000','RR/MM/DD HH24:MI:SSXFF'),to_timestamp('21/01/27 14:57:10.000000000','RR/MM/DD HH24:MI:SSXFF'));
Insert into XE.TBL_BOARD (BNO,BOARD_TYPE,TITLE,WRITER,VIEW_COUNT,REPLY_COUNT,REG_DATE,UPDATE_DATE) values (13,'notice','게시물테스트','관리자',null,null,to_timestamp('21/01/27 14:57:10.000000000','RR/MM/DD HH24:MI:SSXFF'),to_timestamp('21/01/27 14:57:10.000000000','RR/MM/DD HH24:MI:SSXFF'));
Insert into XE.TBL_BOARD (BNO,BOARD_TYPE,TITLE,WRITER,VIEW_COUNT,REPLY_COUNT,REG_DATE,UPDATE_DATE) values (14,'notice','게시물테스트','관리자',null,null,to_timestamp('21/01/27 14:57:10.000000000','RR/MM/DD HH24:MI:SSXFF'),to_timestamp('21/01/27 14:57:10.000000000','RR/MM/DD HH24:MI:SSXFF'));
Insert into XE.TBL_BOARD (BNO,BOARD_TYPE,TITLE,WRITER,VIEW_COUNT,REPLY_COUNT,REG_DATE,UPDATE_DATE) values (15,'notice','게시물테스트','관리자',null,null,to_timestamp('21/01/27 14:57:10.000000000','RR/MM/DD HH24:MI:SSXFF'),to_timestamp('21/01/27 14:57:10.000000000','RR/MM/DD HH24:MI:SSXFF'));
Insert into XE.TBL_BOARD (BNO,BOARD_TYPE,TITLE,WRITER,VIEW_COUNT,REPLY_COUNT,REG_DATE,UPDATE_DATE) values (16,'notice','게시물테스트','관리자',null,null,to_timestamp('21/01/27 14:57:10.000000000','RR/MM/DD HH24:MI:SSXFF'),to_timestamp('21/01/27 14:57:10.000000000','RR/MM/DD HH24:MI:SSXFF'));
Insert into XE.TBL_BOARD (BNO,BOARD_TYPE,TITLE,WRITER,VIEW_COUNT,REPLY_COUNT,REG_DATE,UPDATE_DATE) values (17,'notice','게시물테스트','관리자',null,null,to_timestamp('21/01/27 14:57:10.000000000','RR/MM/DD HH24:MI:SSXFF'),to_timestamp('21/01/27 14:57:10.000000000','RR/MM/DD HH24:MI:SSXFF'));
Insert into XE.TBL_BOARD (BNO,BOARD_TYPE,TITLE,WRITER,VIEW_COUNT,REPLY_COUNT,REG_DATE,UPDATE_DATE) values (18,'notice','게시물테스트','관리자',null,null,to_timestamp('21/01/27 14:57:10.000000000','RR/MM/DD HH24:MI:SSXFF'),to_timestamp('21/01/27 14:57:10.000000000','RR/MM/DD HH24:MI:SSXFF'));
Insert into XE.TBL_BOARD (BNO,BOARD_TYPE,TITLE,WRITER,VIEW_COUNT,REPLY_COUNT,REG_DATE,UPDATE_DATE) values (19,'notice','게시물테스트','관리자',null,null,to_timestamp('21/01/27 14:57:10.000000000','RR/MM/DD HH24:MI:SSXFF'),to_timestamp('21/01/27 14:57:10.000000000','RR/MM/DD HH24:MI:SSXFF'));
Insert into XE.TBL_BOARD (BNO,BOARD_TYPE,TITLE,WRITER,VIEW_COUNT,REPLY_COUNT,REG_DATE,UPDATE_DATE) values (20,'notice','게시물테스트','관리자',null,null,to_timestamp('21/01/27 14:57:10.000000000','RR/MM/DD HH24:MI:SSXFF'),to_timestamp('21/01/27 14:57:10.000000000','RR/MM/DD HH24:MI:SSXFF'));
Insert into XE.TBL_BOARD (BNO,BOARD_TYPE,TITLE,WRITER,VIEW_COUNT,REPLY_COUNT,REG_DATE,UPDATE_DATE) values (21,'notice','게시물테스트','관리자',null,null,to_timestamp('21/01/27 14:57:10.000000000','RR/MM/DD HH24:MI:SSXFF'),to_timestamp('21/01/27 14:57:10.000000000','RR/MM/DD HH24:MI:SSXFF'));
Insert into XE.TBL_BOARD (BNO,BOARD_TYPE,TITLE,WRITER,VIEW_COUNT,REPLY_COUNT,REG_DATE,UPDATE_DATE) values (22,'notice','게시물테스트','관리자',null,null,to_timestamp('21/01/27 14:57:10.000000000','RR/MM/DD HH24:MI:SSXFF'),to_timestamp('21/01/27 14:57:10.000000000','RR/MM/DD HH24:MI:SSXFF'));
Insert into XE.TBL_BOARD (BNO,BOARD_TYPE,TITLE,WRITER,VIEW_COUNT,REPLY_COUNT,REG_DATE,UPDATE_DATE) values (23,'notice','게시물테스트','관리자',null,null,to_timestamp('21/01/27 14:57:10.000000000','RR/MM/DD HH24:MI:SSXFF'),to_timestamp('21/01/27 14:57:10.000000000','RR/MM/DD HH24:MI:SSXFF'));
Insert into XE.TBL_BOARD (BNO,BOARD_TYPE,TITLE,WRITER,VIEW_COUNT,REPLY_COUNT,REG_DATE,UPDATE_DATE) values (24,'notice','게시물테스트','관리자',null,null,to_timestamp('21/01/27 14:57:10.000000000','RR/MM/DD HH24:MI:SSXFF'),to_timestamp('21/01/27 14:57:10.000000000','RR/MM/DD HH24:MI:SSXFF'));
Insert into XE.TBL_BOARD (BNO,BOARD_TYPE,TITLE,WRITER,VIEW_COUNT,REPLY_COUNT,REG_DATE,UPDATE_DATE) values (25,'notice','게시물테스트','관리자',null,null,to_timestamp('21/01/27 14:57:10.000000000','RR/MM/DD HH24:MI:SSXFF'),to_timestamp('21/01/27 14:57:10.000000000','RR/MM/DD HH24:MI:SSXFF'));
Insert into XE.TBL_BOARD (BNO,BOARD_TYPE,TITLE,WRITER,VIEW_COUNT,REPLY_COUNT,REG_DATE,UPDATE_DATE) values (26,'notice','게시물테스트','관리자',null,null,to_timestamp('21/01/27 14:57:10.000000000','RR/MM/DD HH24:MI:SSXFF'),to_timestamp('21/01/27 14:57:10.000000000','RR/MM/DD HH24:MI:SSXFF'));
Insert into XE.TBL_BOARD (BNO,BOARD_TYPE,TITLE,WRITER,VIEW_COUNT,REPLY_COUNT,REG_DATE,UPDATE_DATE) values (27,'notice','게시물테스트','관리자',null,null,to_timestamp('21/01/27 14:57:10.000000000','RR/MM/DD HH24:MI:SSXFF'),to_timestamp('21/01/27 14:57:10.000000000','RR/MM/DD HH24:MI:SSXFF'));
Insert into XE.TBL_BOARD (BNO,BOARD_TYPE,TITLE,WRITER,VIEW_COUNT,REPLY_COUNT,REG_DATE,UPDATE_DATE) values (28,'notice','게시물테스트','관리자',null,null,to_timestamp('21/01/27 14:57:10.000000000','RR/MM/DD HH24:MI:SSXFF'),to_timestamp('21/01/27 14:57:10.000000000','RR/MM/DD HH24:MI:SSXFF'));
Insert into XE.TBL_BOARD (BNO,BOARD_TYPE,TITLE,WRITER,VIEW_COUNT,REPLY_COUNT,REG_DATE,UPDATE_DATE) values (29,'notice','게시물테스트','관리자',null,null,to_timestamp('21/01/27 14:57:10.000000000','RR/MM/DD HH24:MI:SSXFF'),to_timestamp('21/01/27 14:57:10.000000000','RR/MM/DD HH24:MI:SSXFF'));
Insert into XE.TBL_BOARD (BNO,BOARD_TYPE,TITLE,WRITER,VIEW_COUNT,REPLY_COUNT,REG_DATE,UPDATE_DATE) values (30,'notice','게시물테스트','관리자',null,null,to_timestamp('21/01/27 14:57:10.000000000','RR/MM/DD HH24:MI:SSXFF'),to_timestamp('21/01/27 14:57:10.000000000','RR/MM/DD HH24:MI:SSXFF'));
Insert into XE.TBL_BOARD (BNO,BOARD_TYPE,TITLE,WRITER,VIEW_COUNT,REPLY_COUNT,REG_DATE,UPDATE_DATE) values (31,'notice','게시물테스트','관리자',null,null,to_timestamp('21/01/27 14:57:10.000000000','RR/MM/DD HH24:MI:SSXFF'),to_timestamp('21/01/27 14:57:10.000000000','RR/MM/DD HH24:MI:SSXFF'));
Insert into XE.TBL_BOARD (BNO,BOARD_TYPE,TITLE,WRITER,VIEW_COUNT,REPLY_COUNT,REG_DATE,UPDATE_DATE) values (32,'notice','게시물테스트','관리자',null,null,to_timestamp('21/01/27 14:57:10.000000000','RR/MM/DD HH24:MI:SSXFF'),to_timestamp('21/01/27 14:57:10.000000000','RR/MM/DD HH24:MI:SSXFF'));
Insert into XE.TBL_BOARD (BNO,BOARD_TYPE,TITLE,WRITER,VIEW_COUNT,REPLY_COUNT,REG_DATE,UPDATE_DATE) values (33,'notice','게시물테스트','관리자',null,null,to_timestamp('21/01/27 14:57:10.000000000','RR/MM/DD HH24:MI:SSXFF'),to_timestamp('21/01/27 14:57:10.000000000','RR/MM/DD HH24:MI:SSXFF'));
Insert into XE.TBL_BOARD (BNO,BOARD_TYPE,TITLE,WRITER,VIEW_COUNT,REPLY_COUNT,REG_DATE,UPDATE_DATE) values (34,'notice','게시물테스트','관리자',null,null,to_timestamp('21/01/27 14:57:10.000000000','RR/MM/DD HH24:MI:SSXFF'),to_timestamp('21/01/27 14:57:10.000000000','RR/MM/DD HH24:MI:SSXFF'));
Insert into XE.TBL_BOARD (BNO,BOARD_TYPE,TITLE,WRITER,VIEW_COUNT,REPLY_COUNT,REG_DATE,UPDATE_DATE) values (35,'notice','게시물테스트','관리자',null,null,to_timestamp('21/01/27 14:57:10.000000000','RR/MM/DD HH24:MI:SSXFF'),to_timestamp('21/01/27 14:57:10.000000000','RR/MM/DD HH24:MI:SSXFF'));
Insert into XE.TBL_BOARD (BNO,BOARD_TYPE,TITLE,WRITER,VIEW_COUNT,REPLY_COUNT,REG_DATE,UPDATE_DATE) values (36,'notice','게시물테스트','관리자',null,null,to_timestamp('21/01/27 14:57:10.000000000','RR/MM/DD HH24:MI:SSXFF'),to_timestamp('21/01/27 14:57:10.000000000','RR/MM/DD HH24:MI:SSXFF'));
Insert into XE.TBL_BOARD (BNO,BOARD_TYPE,TITLE,WRITER,VIEW_COUNT,REPLY_COUNT,REG_DATE,UPDATE_DATE) values (37,'notice','게시물테스트','관리자',null,null,to_timestamp('21/01/27 14:57:10.000000000','RR/MM/DD HH24:MI:SSXFF'),to_timestamp('21/01/27 14:57:10.000000000','RR/MM/DD HH24:MI:SSXFF'));
Insert into XE.TBL_BOARD (BNO,BOARD_TYPE,TITLE,WRITER,VIEW_COUNT,REPLY_COUNT,REG_DATE,UPDATE_DATE) values (38,'notice','게시물테스트','관리자',null,null,to_timestamp('21/01/27 14:57:10.000000000','RR/MM/DD HH24:MI:SSXFF'),to_timestamp('21/01/27 14:57:10.000000000','RR/MM/DD HH24:MI:SSXFF'));
Insert into XE.TBL_BOARD (BNO,BOARD_TYPE,TITLE,WRITER,VIEW_COUNT,REPLY_COUNT,REG_DATE,UPDATE_DATE) values (39,'notice','게시물테스트','관리자',null,null,to_timestamp('21/01/27 14:57:10.000000000','RR/MM/DD HH24:MI:SSXFF'),to_timestamp('21/01/27 14:57:10.000000000','RR/MM/DD HH24:MI:SSXFF'));
Insert into XE.TBL_BOARD (BNO,BOARD_TYPE,TITLE,WRITER,VIEW_COUNT,REPLY_COUNT,REG_DATE,UPDATE_DATE) values (40,'notice','게시물테스트','관리자',null,null,to_timestamp('21/01/27 14:57:10.000000000','RR/MM/DD HH24:MI:SSXFF'),to_timestamp('21/01/27 14:57:10.000000000','RR/MM/DD HH24:MI:SSXFF'));
Insert into XE.TBL_BOARD (BNO,BOARD_TYPE,TITLE,WRITER,VIEW_COUNT,REPLY_COUNT,REG_DATE,UPDATE_DATE) values (41,'notice','게시물테스트','관리자',null,null,to_timestamp('21/01/27 14:57:10.000000000','RR/MM/DD HH24:MI:SSXFF'),to_timestamp('21/01/27 14:57:10.000000000','RR/MM/DD HH24:MI:SSXFF'));
Insert into XE.TBL_BOARD (BNO,BOARD_TYPE,TITLE,WRITER,VIEW_COUNT,REPLY_COUNT,REG_DATE,UPDATE_DATE) values (42,'notice','게시물테스트','관리자',null,null,to_timestamp('21/01/27 14:57:10.000000000','RR/MM/DD HH24:MI:SSXFF'),to_timestamp('21/01/27 14:57:10.000000000','RR/MM/DD HH24:MI:SSXFF'));
Insert into XE.TBL_BOARD (BNO,BOARD_TYPE,TITLE,WRITER,VIEW_COUNT,REPLY_COUNT,REG_DATE,UPDATE_DATE) values (43,'notice','게시물테스트','관리자',null,null,to_timestamp('21/01/27 14:57:10.000000000','RR/MM/DD HH24:MI:SSXFF'),to_timestamp('21/01/27 14:57:10.000000000','RR/MM/DD HH24:MI:SSXFF'));
Insert into XE.TBL_BOARD (BNO,BOARD_TYPE,TITLE,WRITER,VIEW_COUNT,REPLY_COUNT,REG_DATE,UPDATE_DATE) values (44,'notice','게시물테스트','관리자',null,null,to_timestamp('21/01/27 14:57:10.000000000','RR/MM/DD HH24:MI:SSXFF'),to_timestamp('21/01/27 14:57:10.000000000','RR/MM/DD HH24:MI:SSXFF'));
Insert into XE.TBL_BOARD (BNO,BOARD_TYPE,TITLE,WRITER,VIEW_COUNT,REPLY_COUNT,REG_DATE,UPDATE_DATE) values (45,'notice','게시물테스트','관리자',null,null,to_timestamp('21/01/27 14:57:10.000000000','RR/MM/DD HH24:MI:SSXFF'),to_timestamp('21/01/27 14:57:10.000000000','RR/MM/DD HH24:MI:SSXFF'));
Insert into XE.TBL_BOARD (BNO,BOARD_TYPE,TITLE,WRITER,VIEW_COUNT,REPLY_COUNT,REG_DATE,UPDATE_DATE) values (46,'notice','게시물테스트','관리자',null,null,to_timestamp('21/01/27 14:57:10.000000000','RR/MM/DD HH24:MI:SSXFF'),to_timestamp('21/01/27 14:57:10.000000000','RR/MM/DD HH24:MI:SSXFF'));
Insert into XE.TBL_BOARD (BNO,BOARD_TYPE,TITLE,WRITER,VIEW_COUNT,REPLY_COUNT,REG_DATE,UPDATE_DATE) values (47,'notice','게시물테스트','관리자',null,null,to_timestamp('21/01/27 14:57:10.000000000','RR/MM/DD HH24:MI:SSXFF'),to_timestamp('21/01/27 14:57:10.000000000','RR/MM/DD HH24:MI:SSXFF'));
Insert into XE.TBL_BOARD (BNO,BOARD_TYPE,TITLE,WRITER,VIEW_COUNT,REPLY_COUNT,REG_DATE,UPDATE_DATE) values (48,'notice','게시물테스트','관리자',null,null,to_timestamp('21/01/27 14:57:10.000000000','RR/MM/DD HH24:MI:SSXFF'),to_timestamp('21/01/27 14:57:10.000000000','RR/MM/DD HH24:MI:SSXFF'));
Insert into XE.TBL_BOARD (BNO,BOARD_TYPE,TITLE,WRITER,VIEW_COUNT,REPLY_COUNT,REG_DATE,UPDATE_DATE) values (49,'notice','게시물테스트','관리자',null,null,to_timestamp('21/01/27 14:57:10.000000000','RR/MM/DD HH24:MI:SSXFF'),to_timestamp('21/01/27 14:57:10.000000000','RR/MM/DD HH24:MI:SSXFF'));
Insert into XE.TBL_BOARD (BNO,BOARD_TYPE,TITLE,WRITER,VIEW_COUNT,REPLY_COUNT,REG_DATE,UPDATE_DATE) values (50,'notice','게시물테스트','관리자',null,null,to_timestamp('21/01/27 14:57:10.000000000','RR/MM/DD HH24:MI:SSXFF'),to_timestamp('21/01/27 14:57:10.000000000','RR/MM/DD HH24:MI:SSXFF'));
Insert into XE.TBL_BOARD (BNO,BOARD_TYPE,TITLE,WRITER,VIEW_COUNT,REPLY_COUNT,REG_DATE,UPDATE_DATE) values (151,'notice','게시물테스트','관리자',null,null,to_timestamp('21/01/27 14:59:39.000000000','RR/MM/DD HH24:MI:SSXFF'),to_timestamp('21/01/27 14:59:39.000000000','RR/MM/DD HH24:MI:SSXFF'));
Insert into XE.TBL_BOARD (BNO,BOARD_TYPE,TITLE,WRITER,VIEW_COUNT,REPLY_COUNT,REG_DATE,UPDATE_DATE) values (152,'notice','게시물테스트','관리자',null,null,to_timestamp('21/01/27 14:59:39.000000000','RR/MM/DD HH24:MI:SSXFF'),to_timestamp('21/01/27 14:59:39.000000000','RR/MM/DD HH24:MI:SSXFF'));
Insert into XE.TBL_BOARD (BNO,BOARD_TYPE,TITLE,WRITER,VIEW_COUNT,REPLY_COUNT,REG_DATE,UPDATE_DATE) values (153,'notice','게시물테스트','관리자',null,null,to_timestamp('21/01/27 14:59:39.000000000','RR/MM/DD HH24:MI:SSXFF'),to_timestamp('21/01/27 14:59:39.000000000','RR/MM/DD HH24:MI:SSXFF'));
Insert into XE.TBL_BOARD (BNO,BOARD_TYPE,TITLE,WRITER,VIEW_COUNT,REPLY_COUNT,REG_DATE,UPDATE_DATE) values (154,'notice','게시물테스트','관리자',null,null,to_timestamp('21/01/27 14:59:39.000000000','RR/MM/DD HH24:MI:SSXFF'),to_timestamp('21/01/27 14:59:39.000000000','RR/MM/DD HH24:MI:SSXFF'));
Insert into XE.TBL_BOARD (BNO,BOARD_TYPE,TITLE,WRITER,VIEW_COUNT,REPLY_COUNT,REG_DATE,UPDATE_DATE) values (155,'notice','게시물테스트','관리자',null,null,to_timestamp('21/01/27 14:59:39.000000000','RR/MM/DD HH24:MI:SSXFF'),to_timestamp('21/01/27 14:59:39.000000000','RR/MM/DD HH24:MI:SSXFF'));
Insert into XE.TBL_BOARD (BNO,BOARD_TYPE,TITLE,WRITER,VIEW_COUNT,REPLY_COUNT,REG_DATE,UPDATE_DATE) values (156,'notice','게시물테스트','관리자',null,null,to_timestamp('21/01/27 14:59:39.000000000','RR/MM/DD HH24:MI:SSXFF'),to_timestamp('21/01/27 14:59:39.000000000','RR/MM/DD HH24:MI:SSXFF'));
Insert into XE.TBL_BOARD (BNO,BOARD_TYPE,TITLE,WRITER,VIEW_COUNT,REPLY_COUNT,REG_DATE,UPDATE_DATE) values (157,'notice','게시물테스트','관리자',null,null,to_timestamp('21/01/27 14:59:39.000000000','RR/MM/DD HH24:MI:SSXFF'),to_timestamp('21/01/27 14:59:39.000000000','RR/MM/DD HH24:MI:SSXFF'));
Insert into XE.TBL_BOARD (BNO,BOARD_TYPE,TITLE,WRITER,VIEW_COUNT,REPLY_COUNT,REG_DATE,UPDATE_DATE) values (158,'notice','게시물테스트','관리자',null,null,to_timestamp('21/01/27 14:59:39.000000000','RR/MM/DD HH24:MI:SSXFF'),to_timestamp('21/01/27 14:59:39.000000000','RR/MM/DD HH24:MI:SSXFF'));
Insert into XE.TBL_BOARD (BNO,BOARD_TYPE,TITLE,WRITER,VIEW_COUNT,REPLY_COUNT,REG_DATE,UPDATE_DATE) values (159,'notice','게시물테스트','관리자',null,null,to_timestamp('21/01/27 14:59:39.000000000','RR/MM/DD HH24:MI:SSXFF'),to_timestamp('21/01/27 14:59:39.000000000','RR/MM/DD HH24:MI:SSXFF'));
Insert into XE.TBL_BOARD (BNO,BOARD_TYPE,TITLE,WRITER,VIEW_COUNT,REPLY_COUNT,REG_DATE,UPDATE_DATE) values (160,'notice','게시물테스트','관리자',null,null,to_timestamp('21/01/27 14:59:39.000000000','RR/MM/DD HH24:MI:SSXFF'),to_timestamp('21/01/27 14:59:39.000000000','RR/MM/DD HH24:MI:SSXFF'));
Insert into XE.TBL_BOARD (BNO,BOARD_TYPE,TITLE,WRITER,VIEW_COUNT,REPLY_COUNT,REG_DATE,UPDATE_DATE) values (161,'notice','게시물테스트','관리자',null,null,to_timestamp('21/01/27 14:59:39.000000000','RR/MM/DD HH24:MI:SSXFF'),to_timestamp('21/01/27 14:59:39.000000000','RR/MM/DD HH24:MI:SSXFF'));
Insert into XE.TBL_BOARD (BNO,BOARD_TYPE,TITLE,WRITER,VIEW_COUNT,REPLY_COUNT,REG_DATE,UPDATE_DATE) values (162,'notice','게시물테스트','관리자',null,null,to_timestamp('21/01/27 14:59:39.000000000','RR/MM/DD HH24:MI:SSXFF'),to_timestamp('21/01/27 14:59:39.000000000','RR/MM/DD HH24:MI:SSXFF'));
Insert into XE.TBL_BOARD (BNO,BOARD_TYPE,TITLE,WRITER,VIEW_COUNT,REPLY_COUNT,REG_DATE,UPDATE_DATE) values (163,'notice','게시물테스트','관리자',null,null,to_timestamp('21/01/27 14:59:39.000000000','RR/MM/DD HH24:MI:SSXFF'),to_timestamp('21/01/27 14:59:39.000000000','RR/MM/DD HH24:MI:SSXFF'));
Insert into XE.TBL_BOARD (BNO,BOARD_TYPE,TITLE,WRITER,VIEW_COUNT,REPLY_COUNT,REG_DATE,UPDATE_DATE) values (113,'gallery','게시물테스트','관리자',null,null,to_timestamp('21/01/27 14:58:37.000000000','RR/MM/DD HH24:MI:SSXFF'),to_timestamp('21/01/27 14:58:37.000000000','RR/MM/DD HH24:MI:SSXFF'));
Insert into XE.TBL_BOARD (BNO,BOARD_TYPE,TITLE,WRITER,VIEW_COUNT,REPLY_COUNT,REG_DATE,UPDATE_DATE) values (114,'gallery','게시물테스트','관리자',null,null,to_timestamp('21/01/27 14:58:37.000000000','RR/MM/DD HH24:MI:SSXFF'),to_timestamp('21/01/27 14:58:37.000000000','RR/MM/DD HH24:MI:SSXFF'));
Insert into XE.TBL_BOARD (BNO,BOARD_TYPE,TITLE,WRITER,VIEW_COUNT,REPLY_COUNT,REG_DATE,UPDATE_DATE) values (115,'gallery','게시물테스트','관리자',null,null,to_timestamp('21/01/27 14:58:37.000000000','RR/MM/DD HH24:MI:SSXFF'),to_timestamp('21/01/27 14:58:37.000000000','RR/MM/DD HH24:MI:SSXFF'));
Insert into XE.TBL_BOARD (BNO,BOARD_TYPE,TITLE,WRITER,VIEW_COUNT,REPLY_COUNT,REG_DATE,UPDATE_DATE) values (116,'gallery','게시물테스트','관리자',null,null,to_timestamp('21/01/27 14:58:37.000000000','RR/MM/DD HH24:MI:SSXFF'),to_timestamp('21/01/27 14:58:37.000000000','RR/MM/DD HH24:MI:SSXFF'));
Insert into XE.TBL_BOARD (BNO,BOARD_TYPE,TITLE,WRITER,VIEW_COUNT,REPLY_COUNT,REG_DATE,UPDATE_DATE) values (117,'gallery','게시물테스트','관리자',null,null,to_timestamp('21/01/27 14:58:37.000000000','RR/MM/DD HH24:MI:SSXFF'),to_timestamp('21/01/27 14:58:37.000000000','RR/MM/DD HH24:MI:SSXFF'));
Insert into XE.TBL_BOARD (BNO,BOARD_TYPE,TITLE,WRITER,VIEW_COUNT,REPLY_COUNT,REG_DATE,UPDATE_DATE) values (118,'gallery','게시물테스트','관리자',null,null,to_timestamp('21/01/27 14:58:37.000000000','RR/MM/DD HH24:MI:SSXFF'),to_timestamp('21/01/27 14:58:37.000000000','RR/MM/DD HH24:MI:SSXFF'));
Insert into XE.TBL_BOARD (BNO,BOARD_TYPE,TITLE,WRITER,VIEW_COUNT,REPLY_COUNT,REG_DATE,UPDATE_DATE) values (119,'gallery','게시물테스트','관리자',null,null,to_timestamp('21/01/27 14:58:37.000000000','RR/MM/DD HH24:MI:SSXFF'),to_timestamp('21/01/27 14:58:37.000000000','RR/MM/DD HH24:MI:SSXFF'));
Insert into XE.TBL_BOARD (BNO,BOARD_TYPE,TITLE,WRITER,VIEW_COUNT,REPLY_COUNT,REG_DATE,UPDATE_DATE) values (120,'gallery','게시물테스트','관리자',null,null,to_timestamp('21/01/27 14:58:37.000000000','RR/MM/DD HH24:MI:SSXFF'),to_timestamp('21/01/27 14:58:37.000000000','RR/MM/DD HH24:MI:SSXFF'));
Insert into XE.TBL_BOARD (BNO,BOARD_TYPE,TITLE,WRITER,VIEW_COUNT,REPLY_COUNT,REG_DATE,UPDATE_DATE) values (121,'gallery','게시물테스트','관리자',null,null,to_timestamp('21/01/27 14:58:37.000000000','RR/MM/DD HH24:MI:SSXFF'),to_timestamp('21/01/27 14:58:37.000000000','RR/MM/DD HH24:MI:SSXFF'));
Insert into XE.TBL_BOARD (BNO,BOARD_TYPE,TITLE,WRITER,VIEW_COUNT,REPLY_COUNT,REG_DATE,UPDATE_DATE) values (122,'gallery','게시물테스트','관리자',null,null,to_timestamp('21/01/27 14:58:37.000000000','RR/MM/DD HH24:MI:SSXFF'),to_timestamp('21/01/27 14:58:37.000000000','RR/MM/DD HH24:MI:SSXFF'));
Insert into XE.TBL_BOARD (BNO,BOARD_TYPE,TITLE,WRITER,VIEW_COUNT,REPLY_COUNT,REG_DATE,UPDATE_DATE) values (123,'gallery','게시물테스트','관리자',null,null,to_timestamp('21/01/27 14:58:37.000000000','RR/MM/DD HH24:MI:SSXFF'),to_timestamp('21/01/27 14:58:37.000000000','RR/MM/DD HH24:MI:SSXFF'));
Insert into XE.TBL_BOARD (BNO,BOARD_TYPE,TITLE,WRITER,VIEW_COUNT,REPLY_COUNT,REG_DATE,UPDATE_DATE) values (124,'gallery','게시물테스트','관리자',null,null,to_timestamp('21/01/27 14:58:37.000000000','RR/MM/DD HH24:MI:SSXFF'),to_timestamp('21/01/27 14:58:37.000000000','RR/MM/DD HH24:MI:SSXFF'));
Insert into XE.TBL_BOARD (BNO,BOARD_TYPE,TITLE,WRITER,VIEW_COUNT,REPLY_COUNT,REG_DATE,UPDATE_DATE) values (125,'gallery','게시물테스트','관리자',null,null,to_timestamp('21/01/27 14:58:37.000000000','RR/MM/DD HH24:MI:SSXFF'),to_timestamp('21/01/27 14:58:37.000000000','RR/MM/DD HH24:MI:SSXFF'));
Insert into XE.TBL_BOARD (BNO,BOARD_TYPE,TITLE,WRITER,VIEW_COUNT,REPLY_COUNT,REG_DATE,UPDATE_DATE) values (126,'gallery','게시물테스트','관리자',null,null,to_timestamp('21/01/27 14:58:37.000000000','RR/MM/DD HH24:MI:SSXFF'),to_timestamp('21/01/27 14:58:37.000000000','RR/MM/DD HH24:MI:SSXFF'));
Insert into XE.TBL_BOARD (BNO,BOARD_TYPE,TITLE,WRITER,VIEW_COUNT,REPLY_COUNT,REG_DATE,UPDATE_DATE) values (127,'gallery','게시물테스트','관리자',null,null,to_timestamp('21/01/27 14:58:37.000000000','RR/MM/DD HH24:MI:SSXFF'),to_timestamp('21/01/27 14:58:37.000000000','RR/MM/DD HH24:MI:SSXFF'));
Insert into XE.TBL_BOARD (BNO,BOARD_TYPE,TITLE,WRITER,VIEW_COUNT,REPLY_COUNT,REG_DATE,UPDATE_DATE) values (128,'gallery','게시물테스트','관리자',null,null,to_timestamp('21/01/27 14:58:37.000000000','RR/MM/DD HH24:MI:SSXFF'),to_timestamp('21/01/27 14:58:37.000000000','RR/MM/DD HH24:MI:SSXFF'));
Insert into XE.TBL_BOARD (BNO,BOARD_TYPE,TITLE,WRITER,VIEW_COUNT,REPLY_COUNT,REG_DATE,UPDATE_DATE) values (129,'gallery','게시물테스트','관리자',null,null,to_timestamp('21/01/27 14:58:37.000000000','RR/MM/DD HH24:MI:SSXFF'),to_timestamp('21/01/27 14:58:37.000000000','RR/MM/DD HH24:MI:SSXFF'));
Insert into XE.TBL_BOARD (BNO,BOARD_TYPE,TITLE,WRITER,VIEW_COUNT,REPLY_COUNT,REG_DATE,UPDATE_DATE) values (130,'gallery','게시물테스트','관리자',null,null,to_timestamp('21/01/27 14:58:37.000000000','RR/MM/DD HH24:MI:SSXFF'),to_timestamp('21/01/27 14:58:37.000000000','RR/MM/DD HH24:MI:SSXFF'));
Insert into XE.TBL_BOARD (BNO,BOARD_TYPE,TITLE,WRITER,VIEW_COUNT,REPLY_COUNT,REG_DATE,UPDATE_DATE) values (131,'gallery','게시물테스트','관리자',null,null,to_timestamp('21/01/27 14:58:37.000000000','RR/MM/DD HH24:MI:SSXFF'),to_timestamp('21/01/27 14:58:37.000000000','RR/MM/DD HH24:MI:SSXFF'));
Insert into XE.TBL_BOARD (BNO,BOARD_TYPE,TITLE,WRITER,VIEW_COUNT,REPLY_COUNT,REG_DATE,UPDATE_DATE) values (132,'gallery','게시물테스트','관리자',null,null,to_timestamp('21/01/27 14:58:37.000000000','RR/MM/DD HH24:MI:SSXFF'),to_timestamp('21/01/27 14:58:37.000000000','RR/MM/DD HH24:MI:SSXFF'));
Insert into XE.TBL_BOARD (BNO,BOARD_TYPE,TITLE,WRITER,VIEW_COUNT,REPLY_COUNT,REG_DATE,UPDATE_DATE) values (133,'gallery','게시물테스트','관리자',null,null,to_timestamp('21/01/27 14:58:37.000000000','RR/MM/DD HH24:MI:SSXFF'),to_timestamp('21/01/27 14:58:37.000000000','RR/MM/DD HH24:MI:SSXFF'));
Insert into XE.TBL_BOARD (BNO,BOARD_TYPE,TITLE,WRITER,VIEW_COUNT,REPLY_COUNT,REG_DATE,UPDATE_DATE) values (134,'gallery','게시물테스트','관리자',null,null,to_timestamp('21/01/27 14:58:37.000000000','RR/MM/DD HH24:MI:SSXFF'),to_timestamp('21/01/27 14:58:37.000000000','RR/MM/DD HH24:MI:SSXFF'));
Insert into XE.TBL_BOARD (BNO,BOARD_TYPE,TITLE,WRITER,VIEW_COUNT,REPLY_COUNT,REG_DATE,UPDATE_DATE) values (135,'gallery','게시물테스트','관리자',null,null,to_timestamp('21/01/27 14:58:37.000000000','RR/MM/DD HH24:MI:SSXFF'),to_timestamp('21/01/27 14:58:37.000000000','RR/MM/DD HH24:MI:SSXFF'));
Insert into XE.TBL_BOARD (BNO,BOARD_TYPE,TITLE,WRITER,VIEW_COUNT,REPLY_COUNT,REG_DATE,UPDATE_DATE) values (136,'gallery','게시물테스트','관리자',null,null,to_timestamp('21/01/27 14:58:37.000000000','RR/MM/DD HH24:MI:SSXFF'),to_timestamp('21/01/27 14:58:37.000000000','RR/MM/DD HH24:MI:SSXFF'));
Insert into XE.TBL_BOARD (BNO,BOARD_TYPE,TITLE,WRITER,VIEW_COUNT,REPLY_COUNT,REG_DATE,UPDATE_DATE) values (137,'gallery','게시물테스트','관리자',null,null,to_timestamp('21/01/27 14:58:37.000000000','RR/MM/DD HH24:MI:SSXFF'),to_timestamp('21/01/27 14:58:37.000000000','RR/MM/DD HH24:MI:SSXFF'));
Insert into XE.TBL_BOARD (BNO,BOARD_TYPE,TITLE,WRITER,VIEW_COUNT,REPLY_COUNT,REG_DATE,UPDATE_DATE) values (138,'gallery','게시물테스트','관리자',null,null,to_timestamp('21/01/27 14:58:37.000000000','RR/MM/DD HH24:MI:SSXFF'),to_timestamp('21/01/27 14:58:37.000000000','RR/MM/DD HH24:MI:SSXFF'));
Insert into XE.TBL_BOARD (BNO,BOARD_TYPE,TITLE,WRITER,VIEW_COUNT,REPLY_COUNT,REG_DATE,UPDATE_DATE) values (139,'gallery','게시물테스트','관리자',null,null,to_timestamp('21/01/27 14:58:37.000000000','RR/MM/DD HH24:MI:SSXFF'),to_timestamp('21/01/27 14:58:37.000000000','RR/MM/DD HH24:MI:SSXFF'));
Insert into XE.TBL_BOARD (BNO,BOARD_TYPE,TITLE,WRITER,VIEW_COUNT,REPLY_COUNT,REG_DATE,UPDATE_DATE) values (140,'gallery','게시물테스트','관리자',null,null,to_timestamp('21/01/27 14:58:37.000000000','RR/MM/DD HH24:MI:SSXFF'),to_timestamp('21/01/27 14:58:37.000000000','RR/MM/DD HH24:MI:SSXFF'));
Insert into XE.TBL_BOARD (BNO,BOARD_TYPE,TITLE,WRITER,VIEW_COUNT,REPLY_COUNT,REG_DATE,UPDATE_DATE) values (141,'gallery','게시물테스트','관리자',null,null,to_timestamp('21/01/27 14:58:37.000000000','RR/MM/DD HH24:MI:SSXFF'),to_timestamp('21/01/27 14:58:37.000000000','RR/MM/DD HH24:MI:SSXFF'));
Insert into XE.TBL_BOARD (BNO,BOARD_TYPE,TITLE,WRITER,VIEW_COUNT,REPLY_COUNT,REG_DATE,UPDATE_DATE) values (142,'gallery','게시물테스트','관리자',null,null,to_timestamp('21/01/27 14:58:37.000000000','RR/MM/DD HH24:MI:SSXFF'),to_timestamp('21/01/27 14:58:37.000000000','RR/MM/DD HH24:MI:SSXFF'));
Insert into XE.TBL_BOARD (BNO,BOARD_TYPE,TITLE,WRITER,VIEW_COUNT,REPLY_COUNT,REG_DATE,UPDATE_DATE) values (143,'gallery','게시물테스트','관리자',null,null,to_timestamp('21/01/27 14:58:37.000000000','RR/MM/DD HH24:MI:SSXFF'),to_timestamp('21/01/27 14:58:37.000000000','RR/MM/DD HH24:MI:SSXFF'));
Insert into XE.TBL_BOARD (BNO,BOARD_TYPE,TITLE,WRITER,VIEW_COUNT,REPLY_COUNT,REG_DATE,UPDATE_DATE) values (144,'gallery','게시물테스트','관리자',null,null,to_timestamp('21/01/27 14:58:37.000000000','RR/MM/DD HH24:MI:SSXFF'),to_timestamp('21/01/27 14:58:37.000000000','RR/MM/DD HH24:MI:SSXFF'));
Insert into XE.TBL_BOARD (BNO,BOARD_TYPE,TITLE,WRITER,VIEW_COUNT,REPLY_COUNT,REG_DATE,UPDATE_DATE) values (145,'gallery','게시물테스트','관리자',null,null,to_timestamp('21/01/27 14:58:37.000000000','RR/MM/DD HH24:MI:SSXFF'),to_timestamp('21/01/27 14:58:37.000000000','RR/MM/DD HH24:MI:SSXFF'));
Insert into XE.TBL_BOARD (BNO,BOARD_TYPE,TITLE,WRITER,VIEW_COUNT,REPLY_COUNT,REG_DATE,UPDATE_DATE) values (146,'gallery','게시물테스트','관리자',null,null,to_timestamp('21/01/27 14:58:37.000000000','RR/MM/DD HH24:MI:SSXFF'),to_timestamp('21/01/27 14:58:37.000000000','RR/MM/DD HH24:MI:SSXFF'));
Insert into XE.TBL_BOARD (BNO,BOARD_TYPE,TITLE,WRITER,VIEW_COUNT,REPLY_COUNT,REG_DATE,UPDATE_DATE) values (147,'gallery','게시물테스트','관리자',null,null,to_timestamp('21/01/27 14:58:37.000000000','RR/MM/DD HH24:MI:SSXFF'),to_timestamp('21/01/27 14:58:37.000000000','RR/MM/DD HH24:MI:SSXFF'));
Insert into XE.TBL_BOARD (BNO,BOARD_TYPE,TITLE,WRITER,VIEW_COUNT,REPLY_COUNT,REG_DATE,UPDATE_DATE) values (148,'gallery','게시물테스트','관리자',null,null,to_timestamp('21/01/27 14:58:37.000000000','RR/MM/DD HH24:MI:SSXFF'),to_timestamp('21/01/27 14:58:37.000000000','RR/MM/DD HH24:MI:SSXFF'));
Insert into XE.TBL_BOARD (BNO,BOARD_TYPE,TITLE,WRITER,VIEW_COUNT,REPLY_COUNT,REG_DATE,UPDATE_DATE) values (149,'gallery','게시물테스트','관리자',null,null,to_timestamp('21/01/27 14:58:37.000000000','RR/MM/DD HH24:MI:SSXFF'),to_timestamp('21/01/27 14:58:37.000000000','RR/MM/DD HH24:MI:SSXFF'));
Insert into XE.TBL_BOARD (BNO,BOARD_TYPE,TITLE,WRITER,VIEW_COUNT,REPLY_COUNT,REG_DATE,UPDATE_DATE) values (150,'gallery','게시물테스트','관리자',null,null,to_timestamp('21/01/27 14:58:37.000000000','RR/MM/DD HH24:MI:SSXFF'),to_timestamp('21/01/27 14:58:37.000000000','RR/MM/DD HH24:MI:SSXFF'));
Insert into XE.TBL_BOARD (BNO,BOARD_TYPE,TITLE,WRITER,VIEW_COUNT,REPLY_COUNT,REG_DATE,UPDATE_DATE) values (226,'notice','게시물테스트','관리자',null,null,to_timestamp('21/01/27 14:59:43.000000000','RR/MM/DD HH24:MI:SSXFF'),to_timestamp('21/01/27 14:59:43.000000000','RR/MM/DD HH24:MI:SSXFF'));
Insert into XE.TBL_BOARD (BNO,BOARD_TYPE,TITLE,WRITER,VIEW_COUNT,REPLY_COUNT,REG_DATE,UPDATE_DATE) values (227,'notice','게시물테스트','관리자',null,null,to_timestamp('21/01/27 14:59:43.000000000','RR/MM/DD HH24:MI:SSXFF'),to_timestamp('21/01/27 14:59:43.000000000','RR/MM/DD HH24:MI:SSXFF'));
Insert into XE.TBL_BOARD (BNO,BOARD_TYPE,TITLE,WRITER,VIEW_COUNT,REPLY_COUNT,REG_DATE,UPDATE_DATE) values (228,'notice','게시물테스트','관리자',null,null,to_timestamp('21/01/27 14:59:43.000000000','RR/MM/DD HH24:MI:SSXFF'),to_timestamp('21/01/27 14:59:43.000000000','RR/MM/DD HH24:MI:SSXFF'));
Insert into XE.TBL_BOARD (BNO,BOARD_TYPE,TITLE,WRITER,VIEW_COUNT,REPLY_COUNT,REG_DATE,UPDATE_DATE) values (229,'notice','게시물테스트','관리자',null,null,to_timestamp('21/01/27 14:59:43.000000000','RR/MM/DD HH24:MI:SSXFF'),to_timestamp('21/01/27 14:59:43.000000000','RR/MM/DD HH24:MI:SSXFF'));
Insert into XE.TBL_BOARD (BNO,BOARD_TYPE,TITLE,WRITER,VIEW_COUNT,REPLY_COUNT,REG_DATE,UPDATE_DATE) values (230,'notice','게시물테스트','관리자',null,null,to_timestamp('21/01/27 14:59:43.000000000','RR/MM/DD HH24:MI:SSXFF'),to_timestamp('21/01/27 14:59:43.000000000','RR/MM/DD HH24:MI:SSXFF'));
Insert into XE.TBL_BOARD (BNO,BOARD_TYPE,TITLE,WRITER,VIEW_COUNT,REPLY_COUNT,REG_DATE,UPDATE_DATE) values (231,'notice','게시물테스트','관리자',null,null,to_timestamp('21/01/27 14:59:43.000000000','RR/MM/DD HH24:MI:SSXFF'),to_timestamp('21/01/27 14:59:43.000000000','RR/MM/DD HH24:MI:SSXFF'));
Insert into XE.TBL_BOARD (BNO,BOARD_TYPE,TITLE,WRITER,VIEW_COUNT,REPLY_COUNT,REG_DATE,UPDATE_DATE) values (232,'notice','게시물테스트','관리자',null,null,to_timestamp('21/01/27 14:59:43.000000000','RR/MM/DD HH24:MI:SSXFF'),to_timestamp('21/01/27 14:59:43.000000000','RR/MM/DD HH24:MI:SSXFF'));
Insert into XE.TBL_BOARD (BNO,BOARD_TYPE,TITLE,WRITER,VIEW_COUNT,REPLY_COUNT,REG_DATE,UPDATE_DATE) values (233,'notice','게시물테스트','관리자',null,null,to_timestamp('21/01/27 14:59:43.000000000','RR/MM/DD HH24:MI:SSXFF'),to_timestamp('21/01/27 14:59:43.000000000','RR/MM/DD HH24:MI:SSXFF'));
Insert into XE.TBL_BOARD (BNO,BOARD_TYPE,TITLE,WRITER,VIEW_COUNT,REPLY_COUNT,REG_DATE,UPDATE_DATE) values (234,'notice','게시물테스트','관리자',null,null,to_timestamp('21/01/27 14:59:43.000000000','RR/MM/DD HH24:MI:SSXFF'),to_timestamp('21/01/27 14:59:43.000000000','RR/MM/DD HH24:MI:SSXFF'));
Insert into XE.TBL_BOARD (BNO,BOARD_TYPE,TITLE,WRITER,VIEW_COUNT,REPLY_COUNT,REG_DATE,UPDATE_DATE) values (235,'notice','게시물테스트','관리자',null,null,to_timestamp('21/01/27 14:59:43.000000000','RR/MM/DD HH24:MI:SSXFF'),to_timestamp('21/01/27 14:59:43.000000000','RR/MM/DD HH24:MI:SSXFF'));
Insert into XE.TBL_BOARD (BNO,BOARD_TYPE,TITLE,WRITER,VIEW_COUNT,REPLY_COUNT,REG_DATE,UPDATE_DATE) values (236,'notice','게시물테스트','관리자',null,null,to_timestamp('21/01/27 14:59:43.000000000','RR/MM/DD HH24:MI:SSXFF'),to_timestamp('21/01/27 14:59:43.000000000','RR/MM/DD HH24:MI:SSXFF'));
Insert into XE.TBL_BOARD (BNO,BOARD_TYPE,TITLE,WRITER,VIEW_COUNT,REPLY_COUNT,REG_DATE,UPDATE_DATE) values (237,'notice','게시물테스트','관리자',null,null,to_timestamp('21/01/27 14:59:43.000000000','RR/MM/DD HH24:MI:SSXFF'),to_timestamp('21/01/27 14:59:43.000000000','RR/MM/DD HH24:MI:SSXFF'));
Insert into XE.TBL_BOARD (BNO,BOARD_TYPE,TITLE,WRITER,VIEW_COUNT,REPLY_COUNT,REG_DATE,UPDATE_DATE) values (238,'notice','게시물테스트','관리자',null,null,to_timestamp('21/01/27 14:59:43.000000000','RR/MM/DD HH24:MI:SSXFF'),to_timestamp('21/01/27 14:59:43.000000000','RR/MM/DD HH24:MI:SSXFF'));
Insert into XE.TBL_BOARD (BNO,BOARD_TYPE,TITLE,WRITER,VIEW_COUNT,REPLY_COUNT,REG_DATE,UPDATE_DATE) values (239,'notice','게시물테스트','관리자',null,null,to_timestamp('21/01/27 14:59:43.000000000','RR/MM/DD HH24:MI:SSXFF'),to_timestamp('21/01/27 14:59:43.000000000','RR/MM/DD HH24:MI:SSXFF'));
Insert into XE.TBL_BOARD (BNO,BOARD_TYPE,TITLE,WRITER,VIEW_COUNT,REPLY_COUNT,REG_DATE,UPDATE_DATE) values (240,'notice','게시물테스트','관리자',null,null,to_timestamp('21/01/27 14:59:43.000000000','RR/MM/DD HH24:MI:SSXFF'),to_timestamp('21/01/27 14:59:43.000000000','RR/MM/DD HH24:MI:SSXFF'));
Insert into XE.TBL_BOARD (BNO,BOARD_TYPE,TITLE,WRITER,VIEW_COUNT,REPLY_COUNT,REG_DATE,UPDATE_DATE) values (241,'notice','게시물테스트','관리자',null,null,to_timestamp('21/01/27 14:59:43.000000000','RR/MM/DD HH24:MI:SSXFF'),to_timestamp('21/01/27 14:59:43.000000000','RR/MM/DD HH24:MI:SSXFF'));
Insert into XE.TBL_BOARD (BNO,BOARD_TYPE,TITLE,WRITER,VIEW_COUNT,REPLY_COUNT,REG_DATE,UPDATE_DATE) values (242,'notice','게시물테스트','관리자',null,null,to_timestamp('21/01/27 14:59:43.000000000','RR/MM/DD HH24:MI:SSXFF'),to_timestamp('21/01/27 14:59:43.000000000','RR/MM/DD HH24:MI:SSXFF'));
Insert into XE.TBL_BOARD (BNO,BOARD_TYPE,TITLE,WRITER,VIEW_COUNT,REPLY_COUNT,REG_DATE,UPDATE_DATE) values (243,'notice','게시물테스트','관리자',null,null,to_timestamp('21/01/27 14:59:43.000000000','RR/MM/DD HH24:MI:SSXFF'),to_timestamp('21/01/27 14:59:43.000000000','RR/MM/DD HH24:MI:SSXFF'));
Insert into XE.TBL_BOARD (BNO,BOARD_TYPE,TITLE,WRITER,VIEW_COUNT,REPLY_COUNT,REG_DATE,UPDATE_DATE) values (244,'notice','게시물테스트','관리자',null,null,to_timestamp('21/01/27 14:59:43.000000000','RR/MM/DD HH24:MI:SSXFF'),to_timestamp('21/01/27 14:59:43.000000000','RR/MM/DD HH24:MI:SSXFF'));
Insert into XE.TBL_BOARD (BNO,BOARD_TYPE,TITLE,WRITER,VIEW_COUNT,REPLY_COUNT,REG_DATE,UPDATE_DATE) values (245,'notice','게시물테스트','관리자',null,null,to_timestamp('21/01/27 14:59:43.000000000','RR/MM/DD HH24:MI:SSXFF'),to_timestamp('21/01/27 14:59:43.000000000','RR/MM/DD HH24:MI:SSXFF'));
Insert into XE.TBL_BOARD (BNO,BOARD_TYPE,TITLE,WRITER,VIEW_COUNT,REPLY_COUNT,REG_DATE,UPDATE_DATE) values (246,'notice','게시물테스트','관리자',null,null,to_timestamp('21/01/27 14:59:43.000000000','RR/MM/DD HH24:MI:SSXFF'),to_timestamp('21/01/27 14:59:43.000000000','RR/MM/DD HH24:MI:SSXFF'));
Insert into XE.TBL_BOARD (BNO,BOARD_TYPE,TITLE,WRITER,VIEW_COUNT,REPLY_COUNT,REG_DATE,UPDATE_DATE) values (247,'notice','게시물테스트','관리자',null,null,to_timestamp('21/01/27 14:59:43.000000000','RR/MM/DD HH24:MI:SSXFF'),to_timestamp('21/01/27 14:59:43.000000000','RR/MM/DD HH24:MI:SSXFF'));
Insert into XE.TBL_BOARD (BNO,BOARD_TYPE,TITLE,WRITER,VIEW_COUNT,REPLY_COUNT,REG_DATE,UPDATE_DATE) values (248,'notice','게시물테스트','관리자',null,null,to_timestamp('21/01/27 14:59:43.000000000','RR/MM/DD HH24:MI:SSXFF'),to_timestamp('21/01/27 14:59:43.000000000','RR/MM/DD HH24:MI:SSXFF'));
Insert into XE.TBL_BOARD (BNO,BOARD_TYPE,TITLE,WRITER,VIEW_COUNT,REPLY_COUNT,REG_DATE,UPDATE_DATE) values (249,'notice','게시물테스트','관리자',null,null,to_timestamp('21/01/27 14:59:43.000000000','RR/MM/DD HH24:MI:SSXFF'),to_timestamp('21/01/27 14:59:43.000000000','RR/MM/DD HH24:MI:SSXFF'));
REM INSERTING into XE.TBL_BOARD_TYPE
SET DEFINE OFF;
Insert into XE.TBL_BOARD_TYPE (BOARD_TYPE,BOARD_NAME,BOARD_SUN) values ('notice','공지사항',1);
Insert into XE.TBL_BOARD_TYPE (BOARD_TYPE,BOARD_NAME,BOARD_SUN) values ('gallery','갤러리',2);
REM INSERTING into XE.TBL_MEMBER
SET DEFINE OFF;
Insert into XE.TBL_MEMBER (USER_ID,USER_PW,USER_NAME,EMAIL,POINT,ENABLED,LEVELS,REG_DATE,UPDATE_DATE) values ('user_1','$2a$10$kIqR/PTloYan/MRNiEsy6uYO6OCHVmAKR4kflVKQkJ345nqTiuGeO','관리자',null,null,1,'P_ROLE',to_date('21/01/27','RR/MM/DD'),to_date('21/01/27','RR/MM/DD'));
Insert into XE.TBL_MEMBER (USER_ID,USER_PW,USER_NAME,EMAIL,POINT,ENABLED,LEVELS,REG_DATE,UPDATE_DATE) values ('user_2','$2a$10$kIqR/PTloYan/MRNiEsy6uYO6OCHVmAKR4kflVKQkJ345nqTiuGeO','관리자',null,null,1,'P_ROLE',to_date('21/01/27','RR/MM/DD'),to_date('21/01/27','RR/MM/DD'));
Insert into XE.TBL_MEMBER (USER_ID,USER_PW,USER_NAME,EMAIL,POINT,ENABLED,LEVELS,REG_DATE,UPDATE_DATE) values ('user_3','$2a$10$kIqR/PTloYan/MRNiEsy6uYO6OCHVmAKR4kflVKQkJ345nqTiuGeO','관리자',null,null,1,'P_ROLE',to_date('21/01/27','RR/MM/DD'),to_date('21/01/27','RR/MM/DD'));
Insert into XE.TBL_MEMBER (USER_ID,USER_PW,USER_NAME,EMAIL,POINT,ENABLED,LEVELS,REG_DATE,UPDATE_DATE) values ('user_4','$2a$10$kIqR/PTloYan/MRNiEsy6uYO6OCHVmAKR4kflVKQkJ345nqTiuGeO','관리자',null,null,1,'P_ROLE',to_date('21/01/27','RR/MM/DD'),to_date('21/01/27','RR/MM/DD'));
Insert into XE.TBL_MEMBER (USER_ID,USER_PW,USER_NAME,EMAIL,POINT,ENABLED,LEVELS,REG_DATE,UPDATE_DATE) values ('user_5','$2a$10$kIqR/PTloYan/MRNiEsy6uYO6OCHVmAKR4kflVKQkJ345nqTiuGeO','관리자',null,null,1,'P_ROLE',to_date('21/01/27','RR/MM/DD'),to_date('21/01/27','RR/MM/DD'));
Insert into XE.TBL_MEMBER (USER_ID,USER_PW,USER_NAME,EMAIL,POINT,ENABLED,LEVELS,REG_DATE,UPDATE_DATE) values ('user_6','$2a$10$kIqR/PTloYan/MRNiEsy6uYO6OCHVmAKR4kflVKQkJ345nqTiuGeO','관리자',null,null,1,'P_ROLE',to_date('21/01/27','RR/MM/DD'),to_date('21/01/27','RR/MM/DD'));
Insert into XE.TBL_MEMBER (USER_ID,USER_PW,USER_NAME,EMAIL,POINT,ENABLED,LEVELS,REG_DATE,UPDATE_DATE) values ('user_7','$2a$10$kIqR/PTloYan/MRNiEsy6uYO6OCHVmAKR4kflVKQkJ345nqTiuGeO','관리자',null,null,1,'P_ROLE',to_date('21/01/27','RR/MM/DD'),to_date('21/01/27','RR/MM/DD'));
Insert into XE.TBL_MEMBER (USER_ID,USER_PW,USER_NAME,EMAIL,POINT,ENABLED,LEVELS,REG_DATE,UPDATE_DATE) values ('user_8','$2a$10$kIqR/PTloYan/MRNiEsy6uYO6OCHVmAKR4kflVKQkJ345nqTiuGeO','관리자',null,null,1,'P_ROLE',to_date('21/01/27','RR/MM/DD'),to_date('21/01/27','RR/MM/DD'));
Insert into XE.TBL_MEMBER (USER_ID,USER_PW,USER_NAME,EMAIL,POINT,ENABLED,LEVELS,REG_DATE,UPDATE_DATE) values ('user_9','$2a$10$kIqR/PTloYan/MRNiEsy6uYO6OCHVmAKR4kflVKQkJ345nqTiuGeO','관리자',null,null,1,'P_ROLE',to_date('21/01/27','RR/MM/DD'),to_date('21/01/27','RR/MM/DD'));
Insert into XE.TBL_MEMBER (USER_ID,USER_PW,USER_NAME,EMAIL,POINT,ENABLED,LEVELS,REG_DATE,UPDATE_DATE) values ('user_10','$2a$10$kIqR/PTloYan/MRNiEsy6uYO6OCHVmAKR4kflVKQkJ345nqTiuGeO','관리자',null,null,1,'P_ROLE',to_date('21/01/27','RR/MM/DD'),to_date('21/01/27','RR/MM/DD'));
Insert into XE.TBL_MEMBER (USER_ID,USER_PW,USER_NAME,EMAIL,POINT,ENABLED,LEVELS,REG_DATE,UPDATE_DATE) values ('user_11','$2a$10$kIqR/PTloYan/MRNiEsy6uYO6OCHVmAKR4kflVKQkJ345nqTiuGeO','관리자',null,null,1,'P_ROLE',to_date('21/01/27','RR/MM/DD'),to_date('21/01/27','RR/MM/DD'));
Insert into XE.TBL_MEMBER (USER_ID,USER_PW,USER_NAME,EMAIL,POINT,ENABLED,LEVELS,REG_DATE,UPDATE_DATE) values ('user_12','$2a$10$kIqR/PTloYan/MRNiEsy6uYO6OCHVmAKR4kflVKQkJ345nqTiuGeO','관리자',null,null,1,'P_ROLE',to_date('21/01/27','RR/MM/DD'),to_date('21/01/27','RR/MM/DD'));
Insert into XE.TBL_MEMBER (USER_ID,USER_PW,USER_NAME,EMAIL,POINT,ENABLED,LEVELS,REG_DATE,UPDATE_DATE) values ('user_13','$2a$10$kIqR/PTloYan/MRNiEsy6uYO6OCHVmAKR4kflVKQkJ345nqTiuGeO','관리자',null,null,1,'P_ROLE',to_date('21/01/27','RR/MM/DD'),to_date('21/01/27','RR/MM/DD'));
Insert into XE.TBL_MEMBER (USER_ID,USER_PW,USER_NAME,EMAIL,POINT,ENABLED,LEVELS,REG_DATE,UPDATE_DATE) values ('user_14','$2a$10$kIqR/PTloYan/MRNiEsy6uYO6OCHVmAKR4kflVKQkJ345nqTiuGeO','관리자',null,null,1,'P_ROLE',to_date('21/01/27','RR/MM/DD'),to_date('21/01/27','RR/MM/DD'));
Insert into XE.TBL_MEMBER (USER_ID,USER_PW,USER_NAME,EMAIL,POINT,ENABLED,LEVELS,REG_DATE,UPDATE_DATE) values ('user_15','$2a$10$kIqR/PTloYan/MRNiEsy6uYO6OCHVmAKR4kflVKQkJ345nqTiuGeO','관리자',null,null,1,'P_ROLE',to_date('21/01/27','RR/MM/DD'),to_date('21/01/27','RR/MM/DD'));
Insert into XE.TBL_MEMBER (USER_ID,USER_PW,USER_NAME,EMAIL,POINT,ENABLED,LEVELS,REG_DATE,UPDATE_DATE) values ('user_16','$2a$10$kIqR/PTloYan/MRNiEsy6uYO6OCHVmAKR4kflVKQkJ345nqTiuGeO','관리자',null,null,1,'P_ROLE',to_date('21/01/27','RR/MM/DD'),to_date('21/01/27','RR/MM/DD'));
Insert into XE.TBL_MEMBER (USER_ID,USER_PW,USER_NAME,EMAIL,POINT,ENABLED,LEVELS,REG_DATE,UPDATE_DATE) values ('user_17','$2a$10$kIqR/PTloYan/MRNiEsy6uYO6OCHVmAKR4kflVKQkJ345nqTiuGeO','관리자',null,null,1,'P_ROLE',to_date('21/01/27','RR/MM/DD'),to_date('21/01/27','RR/MM/DD'));
Insert into XE.TBL_MEMBER (USER_ID,USER_PW,USER_NAME,EMAIL,POINT,ENABLED,LEVELS,REG_DATE,UPDATE_DATE) values ('user_18','$2a$10$kIqR/PTloYan/MRNiEsy6uYO6OCHVmAKR4kflVKQkJ345nqTiuGeO','관리자',null,null,1,'P_ROLE',to_date('21/01/27','RR/MM/DD'),to_date('21/01/27','RR/MM/DD'));
Insert into XE.TBL_MEMBER (USER_ID,USER_PW,USER_NAME,EMAIL,POINT,ENABLED,LEVELS,REG_DATE,UPDATE_DATE) values ('user_19','$2a$10$kIqR/PTloYan/MRNiEsy6uYO6OCHVmAKR4kflVKQkJ345nqTiuGeO','관리자',null,null,1,'P_ROLE',to_date('21/01/27','RR/MM/DD'),to_date('21/01/27','RR/MM/DD'));
Insert into XE.TBL_MEMBER (USER_ID,USER_PW,USER_NAME,EMAIL,POINT,ENABLED,LEVELS,REG_DATE,UPDATE_DATE) values ('user_20','$2a$10$kIqR/PTloYan/MRNiEsy6uYO6OCHVmAKR4kflVKQkJ345nqTiuGeO','관리자',null,null,1,'P_ROLE',to_date('21/01/27','RR/MM/DD'),to_date('21/01/27','RR/MM/DD'));
Insert into XE.TBL_MEMBER (USER_ID,USER_PW,USER_NAME,EMAIL,POINT,ENABLED,LEVELS,REG_DATE,UPDATE_DATE) values ('user_21','$2a$10$kIqR/PTloYan/MRNiEsy6uYO6OCHVmAKR4kflVKQkJ345nqTiuGeO','관리자',null,null,1,'P_ROLE',to_date('21/01/27','RR/MM/DD'),to_date('21/01/27','RR/MM/DD'));
Insert into XE.TBL_MEMBER (USER_ID,USER_PW,USER_NAME,EMAIL,POINT,ENABLED,LEVELS,REG_DATE,UPDATE_DATE) values ('user_22','$2a$10$kIqR/PTloYan/MRNiEsy6uYO6OCHVmAKR4kflVKQkJ345nqTiuGeO','관리자',null,null,1,'P_ROLE',to_date('21/01/27','RR/MM/DD'),to_date('21/01/27','RR/MM/DD'));
Insert into XE.TBL_MEMBER (USER_ID,USER_PW,USER_NAME,EMAIL,POINT,ENABLED,LEVELS,REG_DATE,UPDATE_DATE) values ('user_23','$2a$10$kIqR/PTloYan/MRNiEsy6uYO6OCHVmAKR4kflVKQkJ345nqTiuGeO','관리자',null,null,1,'P_ROLE',to_date('21/01/27','RR/MM/DD'),to_date('21/01/27','RR/MM/DD'));
Insert into XE.TBL_MEMBER (USER_ID,USER_PW,USER_NAME,EMAIL,POINT,ENABLED,LEVELS,REG_DATE,UPDATE_DATE) values ('user_24','$2a$10$kIqR/PTloYan/MRNiEsy6uYO6OCHVmAKR4kflVKQkJ345nqTiuGeO','관리자',null,null,1,'P_ROLE',to_date('21/01/27','RR/MM/DD'),to_date('21/01/27','RR/MM/DD'));
Insert into XE.TBL_MEMBER (USER_ID,USER_PW,USER_NAME,EMAIL,POINT,ENABLED,LEVELS,REG_DATE,UPDATE_DATE) values ('user_25','$2a$10$kIqR/PTloYan/MRNiEsy6uYO6OCHVmAKR4kflVKQkJ345nqTiuGeO','관리자',null,null,1,'P_ROLE',to_date('21/01/27','RR/MM/DD'),to_date('21/01/27','RR/MM/DD'));
Insert into XE.TBL_MEMBER (USER_ID,USER_PW,USER_NAME,EMAIL,POINT,ENABLED,LEVELS,REG_DATE,UPDATE_DATE) values ('user_26','$2a$10$kIqR/PTloYan/MRNiEsy6uYO6OCHVmAKR4kflVKQkJ345nqTiuGeO','관리자',null,null,1,'P_ROLE',to_date('21/01/27','RR/MM/DD'),to_date('21/01/27','RR/MM/DD'));
Insert into XE.TBL_MEMBER (USER_ID,USER_PW,USER_NAME,EMAIL,POINT,ENABLED,LEVELS,REG_DATE,UPDATE_DATE) values ('user_27','$2a$10$kIqR/PTloYan/MRNiEsy6uYO6OCHVmAKR4kflVKQkJ345nqTiuGeO','관리자',null,null,1,'P_ROLE',to_date('21/01/27','RR/MM/DD'),to_date('21/01/27','RR/MM/DD'));
Insert into XE.TBL_MEMBER (USER_ID,USER_PW,USER_NAME,EMAIL,POINT,ENABLED,LEVELS,REG_DATE,UPDATE_DATE) values ('user_28','$2a$10$kIqR/PTloYan/MRNiEsy6uYO6OCHVmAKR4kflVKQkJ345nqTiuGeO','관리자',null,null,1,'P_ROLE',to_date('21/01/27','RR/MM/DD'),to_date('21/01/27','RR/MM/DD'));
Insert into XE.TBL_MEMBER (USER_ID,USER_PW,USER_NAME,EMAIL,POINT,ENABLED,LEVELS,REG_DATE,UPDATE_DATE) values ('user_29','$2a$10$kIqR/PTloYan/MRNiEsy6uYO6OCHVmAKR4kflVKQkJ345nqTiuGeO','관리자',null,null,1,'P_ROLE',to_date('21/01/27','RR/MM/DD'),to_date('21/01/27','RR/MM/DD'));
Insert into XE.TBL_MEMBER (USER_ID,USER_PW,USER_NAME,EMAIL,POINT,ENABLED,LEVELS,REG_DATE,UPDATE_DATE) values ('user_30','$2a$10$kIqR/PTloYan/MRNiEsy6uYO6OCHVmAKR4kflVKQkJ345nqTiuGeO','관리자',null,null,1,'P_ROLE',to_date('21/01/27','RR/MM/DD'),to_date('21/01/27','RR/MM/DD'));
Insert into XE.TBL_MEMBER (USER_ID,USER_PW,USER_NAME,EMAIL,POINT,ENABLED,LEVELS,REG_DATE,UPDATE_DATE) values ('user_31','$2a$10$kIqR/PTloYan/MRNiEsy6uYO6OCHVmAKR4kflVKQkJ345nqTiuGeO','관리자',null,null,1,'P_ROLE',to_date('21/01/27','RR/MM/DD'),to_date('21/01/27','RR/MM/DD'));
Insert into XE.TBL_MEMBER (USER_ID,USER_PW,USER_NAME,EMAIL,POINT,ENABLED,LEVELS,REG_DATE,UPDATE_DATE) values ('user_32','$2a$10$kIqR/PTloYan/MRNiEsy6uYO6OCHVmAKR4kflVKQkJ345nqTiuGeO','관리자',null,null,1,'P_ROLE',to_date('21/01/27','RR/MM/DD'),to_date('21/01/27','RR/MM/DD'));
Insert into XE.TBL_MEMBER (USER_ID,USER_PW,USER_NAME,EMAIL,POINT,ENABLED,LEVELS,REG_DATE,UPDATE_DATE) values ('user_33','$2a$10$kIqR/PTloYan/MRNiEsy6uYO6OCHVmAKR4kflVKQkJ345nqTiuGeO','관리자',null,null,1,'P_ROLE',to_date('21/01/27','RR/MM/DD'),to_date('21/01/27','RR/MM/DD'));
Insert into XE.TBL_MEMBER (USER_ID,USER_PW,USER_NAME,EMAIL,POINT,ENABLED,LEVELS,REG_DATE,UPDATE_DATE) values ('user_34','$2a$10$kIqR/PTloYan/MRNiEsy6uYO6OCHVmAKR4kflVKQkJ345nqTiuGeO','관리자',null,null,1,'P_ROLE',to_date('21/01/27','RR/MM/DD'),to_date('21/01/27','RR/MM/DD'));
Insert into XE.TBL_MEMBER (USER_ID,USER_PW,USER_NAME,EMAIL,POINT,ENABLED,LEVELS,REG_DATE,UPDATE_DATE) values ('user_35','$2a$10$kIqR/PTloYan/MRNiEsy6uYO6OCHVmAKR4kflVKQkJ345nqTiuGeO','관리자',null,null,1,'P_ROLE',to_date('21/01/27','RR/MM/DD'),to_date('21/01/27','RR/MM/DD'));
Insert into XE.TBL_MEMBER (USER_ID,USER_PW,USER_NAME,EMAIL,POINT,ENABLED,LEVELS,REG_DATE,UPDATE_DATE) values ('user_36','$2a$10$kIqR/PTloYan/MRNiEsy6uYO6OCHVmAKR4kflVKQkJ345nqTiuGeO','관리자',null,null,1,'P_ROLE',to_date('21/01/27','RR/MM/DD'),to_date('21/01/27','RR/MM/DD'));
Insert into XE.TBL_MEMBER (USER_ID,USER_PW,USER_NAME,EMAIL,POINT,ENABLED,LEVELS,REG_DATE,UPDATE_DATE) values ('user_37','$2a$10$kIqR/PTloYan/MRNiEsy6uYO6OCHVmAKR4kflVKQkJ345nqTiuGeO','관리자',null,null,1,'P_ROLE',to_date('21/01/27','RR/MM/DD'),to_date('21/01/27','RR/MM/DD'));
Insert into XE.TBL_MEMBER (USER_ID,USER_PW,USER_NAME,EMAIL,POINT,ENABLED,LEVELS,REG_DATE,UPDATE_DATE) values ('user_38','$2a$10$kIqR/PTloYan/MRNiEsy6uYO6OCHVmAKR4kflVKQkJ345nqTiuGeO','관리자',null,null,1,'P_ROLE',to_date('21/01/27','RR/MM/DD'),to_date('21/01/27','RR/MM/DD'));
Insert into XE.TBL_MEMBER (USER_ID,USER_PW,USER_NAME,EMAIL,POINT,ENABLED,LEVELS,REG_DATE,UPDATE_DATE) values ('user_39','$2a$10$kIqR/PTloYan/MRNiEsy6uYO6OCHVmAKR4kflVKQkJ345nqTiuGeO','관리자',null,null,1,'P_ROLE',to_date('21/01/27','RR/MM/DD'),to_date('21/01/27','RR/MM/DD'));
Insert into XE.TBL_MEMBER (USER_ID,USER_PW,USER_NAME,EMAIL,POINT,ENABLED,LEVELS,REG_DATE,UPDATE_DATE) values ('user_40','$2a$10$kIqR/PTloYan/MRNiEsy6uYO6OCHVmAKR4kflVKQkJ345nqTiuGeO','관리자',null,null,1,'P_ROLE',to_date('21/01/27','RR/MM/DD'),to_date('21/01/27','RR/MM/DD'));
Insert into XE.TBL_MEMBER (USER_ID,USER_PW,USER_NAME,EMAIL,POINT,ENABLED,LEVELS,REG_DATE,UPDATE_DATE) values ('user_41','$2a$10$kIqR/PTloYan/MRNiEsy6uYO6OCHVmAKR4kflVKQkJ345nqTiuGeO','관리자',null,null,1,'P_ROLE',to_date('21/01/27','RR/MM/DD'),to_date('21/01/27','RR/MM/DD'));
Insert into XE.TBL_MEMBER (USER_ID,USER_PW,USER_NAME,EMAIL,POINT,ENABLED,LEVELS,REG_DATE,UPDATE_DATE) values ('user_42','$2a$10$kIqR/PTloYan/MRNiEsy6uYO6OCHVmAKR4kflVKQkJ345nqTiuGeO','관리자',null,null,1,'P_ROLE',to_date('21/01/27','RR/MM/DD'),to_date('21/01/27','RR/MM/DD'));
Insert into XE.TBL_MEMBER (USER_ID,USER_PW,USER_NAME,EMAIL,POINT,ENABLED,LEVELS,REG_DATE,UPDATE_DATE) values ('user_43','$2a$10$kIqR/PTloYan/MRNiEsy6uYO6OCHVmAKR4kflVKQkJ345nqTiuGeO','관리자',null,null,1,'P_ROLE',to_date('21/01/27','RR/MM/DD'),to_date('21/01/27','RR/MM/DD'));
Insert into XE.TBL_MEMBER (USER_ID,USER_PW,USER_NAME,EMAIL,POINT,ENABLED,LEVELS,REG_DATE,UPDATE_DATE) values ('user_44','$2a$10$kIqR/PTloYan/MRNiEsy6uYO6OCHVmAKR4kflVKQkJ345nqTiuGeO','관리자',null,null,1,'P_ROLE',to_date('21/01/27','RR/MM/DD'),to_date('21/01/27','RR/MM/DD'));
Insert into XE.TBL_MEMBER (USER_ID,USER_PW,USER_NAME,EMAIL,POINT,ENABLED,LEVELS,REG_DATE,UPDATE_DATE) values ('user_45','$2a$10$kIqR/PTloYan/MRNiEsy6uYO6OCHVmAKR4kflVKQkJ345nqTiuGeO','관리자',null,null,1,'P_ROLE',to_date('21/01/27','RR/MM/DD'),to_date('21/01/27','RR/MM/DD'));
Insert into XE.TBL_MEMBER (USER_ID,USER_PW,USER_NAME,EMAIL,POINT,ENABLED,LEVELS,REG_DATE,UPDATE_DATE) values ('user_46','$2a$10$kIqR/PTloYan/MRNiEsy6uYO6OCHVmAKR4kflVKQkJ345nqTiuGeO','관리자',null,null,1,'P_ROLE',to_date('21/01/27','RR/MM/DD'),to_date('21/01/27','RR/MM/DD'));
Insert into XE.TBL_MEMBER (USER_ID,USER_PW,USER_NAME,EMAIL,POINT,ENABLED,LEVELS,REG_DATE,UPDATE_DATE) values ('user_47','$2a$10$kIqR/PTloYan/MRNiEsy6uYO6OCHVmAKR4kflVKQkJ345nqTiuGeO','관리자',null,null,1,'P_ROLE',to_date('21/01/27','RR/MM/DD'),to_date('21/01/27','RR/MM/DD'));
Insert into XE.TBL_MEMBER (USER_ID,USER_PW,USER_NAME,EMAIL,POINT,ENABLED,LEVELS,REG_DATE,UPDATE_DATE) values ('user_48','$2a$10$kIqR/PTloYan/MRNiEsy6uYO6OCHVmAKR4kflVKQkJ345nqTiuGeO','관리자',null,null,1,'P_ROLE',to_date('21/01/27','RR/MM/DD'),to_date('21/01/27','RR/MM/DD'));
Insert into XE.TBL_MEMBER (USER_ID,USER_PW,USER_NAME,EMAIL,POINT,ENABLED,LEVELS,REG_DATE,UPDATE_DATE) values ('user_49','$2a$10$kIqR/PTloYan/MRNiEsy6uYO6OCHVmAKR4kflVKQkJ345nqTiuGeO','관리자',null,null,1,'P_ROLE',to_date('21/01/27','RR/MM/DD'),to_date('21/01/27','RR/MM/DD'));
Insert into XE.TBL_MEMBER (USER_ID,USER_PW,USER_NAME,EMAIL,POINT,ENABLED,LEVELS,REG_DATE,UPDATE_DATE) values ('user_50','$2a$10$kIqR/PTloYan/MRNiEsy6uYO6OCHVmAKR4kflVKQkJ345nqTiuGeO','관리자',null,null,1,'P_ROLE',to_date('21/01/27','RR/MM/DD'),to_date('21/01/27','RR/MM/DD'));
Insert into XE.TBL_MEMBER (USER_ID,USER_PW,USER_NAME,EMAIL,POINT,ENABLED,LEVELS,REG_DATE,UPDATE_DATE) values ('user_51','$2a$10$kIqR/PTloYan/MRNiEsy6uYO6OCHVmAKR4kflVKQkJ345nqTiuGeO','관리자',null,null,1,'P_ROLE',to_date('21/01/27','RR/MM/DD'),to_date('21/01/27','RR/MM/DD'));
Insert into XE.TBL_MEMBER (USER_ID,USER_PW,USER_NAME,EMAIL,POINT,ENABLED,LEVELS,REG_DATE,UPDATE_DATE) values ('user_52','$2a$10$kIqR/PTloYan/MRNiEsy6uYO6OCHVmAKR4kflVKQkJ345nqTiuGeO','관리자',null,null,1,'P_ROLE',to_date('21/01/27','RR/MM/DD'),to_date('21/01/27','RR/MM/DD'));
Insert into XE.TBL_MEMBER (USER_ID,USER_PW,USER_NAME,EMAIL,POINT,ENABLED,LEVELS,REG_DATE,UPDATE_DATE) values ('user_53','$2a$10$kIqR/PTloYan/MRNiEsy6uYO6OCHVmAKR4kflVKQkJ345nqTiuGeO','관리자',null,null,1,'P_ROLE',to_date('21/01/27','RR/MM/DD'),to_date('21/01/27','RR/MM/DD'));
Insert into XE.TBL_MEMBER (USER_ID,USER_PW,USER_NAME,EMAIL,POINT,ENABLED,LEVELS,REG_DATE,UPDATE_DATE) values ('user_54','$2a$10$kIqR/PTloYan/MRNiEsy6uYO6OCHVmAKR4kflVKQkJ345nqTiuGeO','관리자',null,null,1,'P_ROLE',to_date('21/01/27','RR/MM/DD'),to_date('21/01/27','RR/MM/DD'));
Insert into XE.TBL_MEMBER (USER_ID,USER_PW,USER_NAME,EMAIL,POINT,ENABLED,LEVELS,REG_DATE,UPDATE_DATE) values ('user_55','$2a$10$kIqR/PTloYan/MRNiEsy6uYO6OCHVmAKR4kflVKQkJ345nqTiuGeO','관리자',null,null,1,'P_ROLE',to_date('21/01/27','RR/MM/DD'),to_date('21/01/27','RR/MM/DD'));
Insert into XE.TBL_MEMBER (USER_ID,USER_PW,USER_NAME,EMAIL,POINT,ENABLED,LEVELS,REG_DATE,UPDATE_DATE) values ('user_56','$2a$10$kIqR/PTloYan/MRNiEsy6uYO6OCHVmAKR4kflVKQkJ345nqTiuGeO','관리자',null,null,1,'P_ROLE',to_date('21/01/27','RR/MM/DD'),to_date('21/01/27','RR/MM/DD'));
Insert into XE.TBL_MEMBER (USER_ID,USER_PW,USER_NAME,EMAIL,POINT,ENABLED,LEVELS,REG_DATE,UPDATE_DATE) values ('user_57','$2a$10$kIqR/PTloYan/MRNiEsy6uYO6OCHVmAKR4kflVKQkJ345nqTiuGeO','관리자',null,null,1,'P_ROLE',to_date('21/01/27','RR/MM/DD'),to_date('21/01/27','RR/MM/DD'));
Insert into XE.TBL_MEMBER (USER_ID,USER_PW,USER_NAME,EMAIL,POINT,ENABLED,LEVELS,REG_DATE,UPDATE_DATE) values ('user_58','$2a$10$kIqR/PTloYan/MRNiEsy6uYO6OCHVmAKR4kflVKQkJ345nqTiuGeO','관리자',null,null,1,'P_ROLE',to_date('21/01/27','RR/MM/DD'),to_date('21/01/27','RR/MM/DD'));
Insert into XE.TBL_MEMBER (USER_ID,USER_PW,USER_NAME,EMAIL,POINT,ENABLED,LEVELS,REG_DATE,UPDATE_DATE) values ('user_59','$2a$10$kIqR/PTloYan/MRNiEsy6uYO6OCHVmAKR4kflVKQkJ345nqTiuGeO','관리자',null,null,1,'P_ROLE',to_date('21/01/27','RR/MM/DD'),to_date('21/01/27','RR/MM/DD'));
Insert into XE.TBL_MEMBER (USER_ID,USER_PW,USER_NAME,EMAIL,POINT,ENABLED,LEVELS,REG_DATE,UPDATE_DATE) values ('user_60','$2a$10$kIqR/PTloYan/MRNiEsy6uYO6OCHVmAKR4kflVKQkJ345nqTiuGeO','관리자',null,null,1,'P_ROLE',to_date('21/01/27','RR/MM/DD'),to_date('21/01/27','RR/MM/DD'));
Insert into XE.TBL_MEMBER (USER_ID,USER_PW,USER_NAME,EMAIL,POINT,ENABLED,LEVELS,REG_DATE,UPDATE_DATE) values ('user_61','$2a$10$kIqR/PTloYan/MRNiEsy6uYO6OCHVmAKR4kflVKQkJ345nqTiuGeO','관리자',null,null,1,'P_ROLE',to_date('21/01/27','RR/MM/DD'),to_date('21/01/27','RR/MM/DD'));
Insert into XE.TBL_MEMBER (USER_ID,USER_PW,USER_NAME,EMAIL,POINT,ENABLED,LEVELS,REG_DATE,UPDATE_DATE) values ('user_62','$2a$10$kIqR/PTloYan/MRNiEsy6uYO6OCHVmAKR4kflVKQkJ345nqTiuGeO','관리자',null,null,1,'P_ROLE',to_date('21/01/27','RR/MM/DD'),to_date('21/01/27','RR/MM/DD'));
Insert into XE.TBL_MEMBER (USER_ID,USER_PW,USER_NAME,EMAIL,POINT,ENABLED,LEVELS,REG_DATE,UPDATE_DATE) values ('user_63','$2a$10$kIqR/PTloYan/MRNiEsy6uYO6OCHVmAKR4kflVKQkJ345nqTiuGeO','관리자',null,null,1,'P_ROLE',to_date('21/01/27','RR/MM/DD'),to_date('21/01/27','RR/MM/DD'));
Insert into XE.TBL_MEMBER (USER_ID,USER_PW,USER_NAME,EMAIL,POINT,ENABLED,LEVELS,REG_DATE,UPDATE_DATE) values ('user_64','$2a$10$kIqR/PTloYan/MRNiEsy6uYO6OCHVmAKR4kflVKQkJ345nqTiuGeO','관리자',null,null,1,'P_ROLE',to_date('21/01/27','RR/MM/DD'),to_date('21/01/27','RR/MM/DD'));
Insert into XE.TBL_MEMBER (USER_ID,USER_PW,USER_NAME,EMAIL,POINT,ENABLED,LEVELS,REG_DATE,UPDATE_DATE) values ('user_65','$2a$10$kIqR/PTloYan/MRNiEsy6uYO6OCHVmAKR4kflVKQkJ345nqTiuGeO','관리자',null,null,1,'P_ROLE',to_date('21/01/27','RR/MM/DD'),to_date('21/01/27','RR/MM/DD'));
Insert into XE.TBL_MEMBER (USER_ID,USER_PW,USER_NAME,EMAIL,POINT,ENABLED,LEVELS,REG_DATE,UPDATE_DATE) values ('user_66','$2a$10$kIqR/PTloYan/MRNiEsy6uYO6OCHVmAKR4kflVKQkJ345nqTiuGeO','관리자',null,null,1,'P_ROLE',to_date('21/01/27','RR/MM/DD'),to_date('21/01/27','RR/MM/DD'));
Insert into XE.TBL_MEMBER (USER_ID,USER_PW,USER_NAME,EMAIL,POINT,ENABLED,LEVELS,REG_DATE,UPDATE_DATE) values ('user_67','$2a$10$kIqR/PTloYan/MRNiEsy6uYO6OCHVmAKR4kflVKQkJ345nqTiuGeO','관리자',null,null,1,'P_ROLE',to_date('21/01/27','RR/MM/DD'),to_date('21/01/27','RR/MM/DD'));
Insert into XE.TBL_MEMBER (USER_ID,USER_PW,USER_NAME,EMAIL,POINT,ENABLED,LEVELS,REG_DATE,UPDATE_DATE) values ('user_68','$2a$10$kIqR/PTloYan/MRNiEsy6uYO6OCHVmAKR4kflVKQkJ345nqTiuGeO','관리자',null,null,1,'P_ROLE',to_date('21/01/27','RR/MM/DD'),to_date('21/01/27','RR/MM/DD'));
Insert into XE.TBL_MEMBER (USER_ID,USER_PW,USER_NAME,EMAIL,POINT,ENABLED,LEVELS,REG_DATE,UPDATE_DATE) values ('user_69','$2a$10$kIqR/PTloYan/MRNiEsy6uYO6OCHVmAKR4kflVKQkJ345nqTiuGeO','관리자',null,null,1,'P_ROLE',to_date('21/01/27','RR/MM/DD'),to_date('21/01/27','RR/MM/DD'));
Insert into XE.TBL_MEMBER (USER_ID,USER_PW,USER_NAME,EMAIL,POINT,ENABLED,LEVELS,REG_DATE,UPDATE_DATE) values ('user_70','$2a$10$kIqR/PTloYan/MRNiEsy6uYO6OCHVmAKR4kflVKQkJ345nqTiuGeO','관리자',null,null,1,'P_ROLE',to_date('21/01/27','RR/MM/DD'),to_date('21/01/27','RR/MM/DD'));
Insert into XE.TBL_MEMBER (USER_ID,USER_PW,USER_NAME,EMAIL,POINT,ENABLED,LEVELS,REG_DATE,UPDATE_DATE) values ('user_71','$2a$10$kIqR/PTloYan/MRNiEsy6uYO6OCHVmAKR4kflVKQkJ345nqTiuGeO','관리자',null,null,1,'P_ROLE',to_date('21/01/27','RR/MM/DD'),to_date('21/01/27','RR/MM/DD'));
Insert into XE.TBL_MEMBER (USER_ID,USER_PW,USER_NAME,EMAIL,POINT,ENABLED,LEVELS,REG_DATE,UPDATE_DATE) values ('user_72','$2a$10$kIqR/PTloYan/MRNiEsy6uYO6OCHVmAKR4kflVKQkJ345nqTiuGeO','관리자',null,null,1,'P_ROLE',to_date('21/01/27','RR/MM/DD'),to_date('21/01/27','RR/MM/DD'));
Insert into XE.TBL_MEMBER (USER_ID,USER_PW,USER_NAME,EMAIL,POINT,ENABLED,LEVELS,REG_DATE,UPDATE_DATE) values ('user_73','$2a$10$kIqR/PTloYan/MRNiEsy6uYO6OCHVmAKR4kflVKQkJ345nqTiuGeO','관리자',null,null,1,'P_ROLE',to_date('21/01/27','RR/MM/DD'),to_date('21/01/27','RR/MM/DD'));
Insert into XE.TBL_MEMBER (USER_ID,USER_PW,USER_NAME,EMAIL,POINT,ENABLED,LEVELS,REG_DATE,UPDATE_DATE) values ('user_74','$2a$10$kIqR/PTloYan/MRNiEsy6uYO6OCHVmAKR4kflVKQkJ345nqTiuGeO','관리자',null,null,1,'P_ROLE',to_date('21/01/27','RR/MM/DD'),to_date('21/01/27','RR/MM/DD'));
Insert into XE.TBL_MEMBER (USER_ID,USER_PW,USER_NAME,EMAIL,POINT,ENABLED,LEVELS,REG_DATE,UPDATE_DATE) values ('user_75','$2a$10$kIqR/PTloYan/MRNiEsy6uYO6OCHVmAKR4kflVKQkJ345nqTiuGeO','관리자',null,null,1,'P_ROLE',to_date('21/01/27','RR/MM/DD'),to_date('21/01/27','RR/MM/DD'));
Insert into XE.TBL_MEMBER (USER_ID,USER_PW,USER_NAME,EMAIL,POINT,ENABLED,LEVELS,REG_DATE,UPDATE_DATE) values ('user_76','$2a$10$kIqR/PTloYan/MRNiEsy6uYO6OCHVmAKR4kflVKQkJ345nqTiuGeO','관리자',null,null,1,'P_ROLE',to_date('21/01/27','RR/MM/DD'),to_date('21/01/27','RR/MM/DD'));
Insert into XE.TBL_MEMBER (USER_ID,USER_PW,USER_NAME,EMAIL,POINT,ENABLED,LEVELS,REG_DATE,UPDATE_DATE) values ('user_77','$2a$10$kIqR/PTloYan/MRNiEsy6uYO6OCHVmAKR4kflVKQkJ345nqTiuGeO','관리자',null,null,1,'P_ROLE',to_date('21/01/27','RR/MM/DD'),to_date('21/01/27','RR/MM/DD'));
Insert into XE.TBL_MEMBER (USER_ID,USER_PW,USER_NAME,EMAIL,POINT,ENABLED,LEVELS,REG_DATE,UPDATE_DATE) values ('user_78','$2a$10$kIqR/PTloYan/MRNiEsy6uYO6OCHVmAKR4kflVKQkJ345nqTiuGeO','관리자',null,null,1,'P_ROLE',to_date('21/01/27','RR/MM/DD'),to_date('21/01/27','RR/MM/DD'));
Insert into XE.TBL_MEMBER (USER_ID,USER_PW,USER_NAME,EMAIL,POINT,ENABLED,LEVELS,REG_DATE,UPDATE_DATE) values ('user_79','$2a$10$kIqR/PTloYan/MRNiEsy6uYO6OCHVmAKR4kflVKQkJ345nqTiuGeO','관리자',null,null,1,'P_ROLE',to_date('21/01/27','RR/MM/DD'),to_date('21/01/27','RR/MM/DD'));
Insert into XE.TBL_MEMBER (USER_ID,USER_PW,USER_NAME,EMAIL,POINT,ENABLED,LEVELS,REG_DATE,UPDATE_DATE) values ('user_80','$2a$10$kIqR/PTloYan/MRNiEsy6uYO6OCHVmAKR4kflVKQkJ345nqTiuGeO','관리자',null,null,1,'P_ROLE',to_date('21/01/27','RR/MM/DD'),to_date('21/01/27','RR/MM/DD'));
Insert into XE.TBL_MEMBER (USER_ID,USER_PW,USER_NAME,EMAIL,POINT,ENABLED,LEVELS,REG_DATE,UPDATE_DATE) values ('user_81','$2a$10$kIqR/PTloYan/MRNiEsy6uYO6OCHVmAKR4kflVKQkJ345nqTiuGeO','관리자',null,null,1,'P_ROLE',to_date('21/01/27','RR/MM/DD'),to_date('21/01/27','RR/MM/DD'));
Insert into XE.TBL_MEMBER (USER_ID,USER_PW,USER_NAME,EMAIL,POINT,ENABLED,LEVELS,REG_DATE,UPDATE_DATE) values ('user_82','$2a$10$kIqR/PTloYan/MRNiEsy6uYO6OCHVmAKR4kflVKQkJ345nqTiuGeO','관리자',null,null,1,'P_ROLE',to_date('21/01/27','RR/MM/DD'),to_date('21/01/27','RR/MM/DD'));
Insert into XE.TBL_MEMBER (USER_ID,USER_PW,USER_NAME,EMAIL,POINT,ENABLED,LEVELS,REG_DATE,UPDATE_DATE) values ('user_83','$2a$10$kIqR/PTloYan/MRNiEsy6uYO6OCHVmAKR4kflVKQkJ345nqTiuGeO','관리자',null,null,1,'P_ROLE',to_date('21/01/27','RR/MM/DD'),to_date('21/01/27','RR/MM/DD'));
Insert into XE.TBL_MEMBER (USER_ID,USER_PW,USER_NAME,EMAIL,POINT,ENABLED,LEVELS,REG_DATE,UPDATE_DATE) values ('user_84','$2a$10$kIqR/PTloYan/MRNiEsy6uYO6OCHVmAKR4kflVKQkJ345nqTiuGeO','관리자',null,null,1,'P_ROLE',to_date('21/01/27','RR/MM/DD'),to_date('21/01/27','RR/MM/DD'));
Insert into XE.TBL_MEMBER (USER_ID,USER_PW,USER_NAME,EMAIL,POINT,ENABLED,LEVELS,REG_DATE,UPDATE_DATE) values ('user_85','$2a$10$kIqR/PTloYan/MRNiEsy6uYO6OCHVmAKR4kflVKQkJ345nqTiuGeO','관리자',null,null,1,'P_ROLE',to_date('21/01/27','RR/MM/DD'),to_date('21/01/27','RR/MM/DD'));
Insert into XE.TBL_MEMBER (USER_ID,USER_PW,USER_NAME,EMAIL,POINT,ENABLED,LEVELS,REG_DATE,UPDATE_DATE) values ('user_86','$2a$10$kIqR/PTloYan/MRNiEsy6uYO6OCHVmAKR4kflVKQkJ345nqTiuGeO','관리자',null,null,1,'P_ROLE',to_date('21/01/27','RR/MM/DD'),to_date('21/01/27','RR/MM/DD'));
Insert into XE.TBL_MEMBER (USER_ID,USER_PW,USER_NAME,EMAIL,POINT,ENABLED,LEVELS,REG_DATE,UPDATE_DATE) values ('user_87','$2a$10$kIqR/PTloYan/MRNiEsy6uYO6OCHVmAKR4kflVKQkJ345nqTiuGeO','관리자',null,null,1,'P_ROLE',to_date('21/01/27','RR/MM/DD'),to_date('21/01/27','RR/MM/DD'));
Insert into XE.TBL_MEMBER (USER_ID,USER_PW,USER_NAME,EMAIL,POINT,ENABLED,LEVELS,REG_DATE,UPDATE_DATE) values ('user_88','$2a$10$kIqR/PTloYan/MRNiEsy6uYO6OCHVmAKR4kflVKQkJ345nqTiuGeO','관리자',null,null,1,'P_ROLE',to_date('21/01/27','RR/MM/DD'),to_date('21/01/27','RR/MM/DD'));
Insert into XE.TBL_MEMBER (USER_ID,USER_PW,USER_NAME,EMAIL,POINT,ENABLED,LEVELS,REG_DATE,UPDATE_DATE) values ('user_89','$2a$10$kIqR/PTloYan/MRNiEsy6uYO6OCHVmAKR4kflVKQkJ345nqTiuGeO','관리자',null,null,1,'P_ROLE',to_date('21/01/27','RR/MM/DD'),to_date('21/01/27','RR/MM/DD'));
Insert into XE.TBL_MEMBER (USER_ID,USER_PW,USER_NAME,EMAIL,POINT,ENABLED,LEVELS,REG_DATE,UPDATE_DATE) values ('user_90','$2a$10$kIqR/PTloYan/MRNiEsy6uYO6OCHVmAKR4kflVKQkJ345nqTiuGeO','관리자',null,null,1,'P_ROLE',to_date('21/01/27','RR/MM/DD'),to_date('21/01/27','RR/MM/DD'));
Insert into XE.TBL_MEMBER (USER_ID,USER_PW,USER_NAME,EMAIL,POINT,ENABLED,LEVELS,REG_DATE,UPDATE_DATE) values ('user_91','$2a$10$kIqR/PTloYan/MRNiEsy6uYO6OCHVmAKR4kflVKQkJ345nqTiuGeO','관리자',null,null,1,'P_ROLE',to_date('21/01/27','RR/MM/DD'),to_date('21/01/27','RR/MM/DD'));
Insert into XE.TBL_MEMBER (USER_ID,USER_PW,USER_NAME,EMAIL,POINT,ENABLED,LEVELS,REG_DATE,UPDATE_DATE) values ('user_92','$2a$10$kIqR/PTloYan/MRNiEsy6uYO6OCHVmAKR4kflVKQkJ345nqTiuGeO','관리자',null,null,1,'P_ROLE',to_date('21/01/27','RR/MM/DD'),to_date('21/01/27','RR/MM/DD'));
Insert into XE.TBL_MEMBER (USER_ID,USER_PW,USER_NAME,EMAIL,POINT,ENABLED,LEVELS,REG_DATE,UPDATE_DATE) values ('user_93','$2a$10$kIqR/PTloYan/MRNiEsy6uYO6OCHVmAKR4kflVKQkJ345nqTiuGeO','관리자',null,null,1,'P_ROLE',to_date('21/01/27','RR/MM/DD'),to_date('21/01/27','RR/MM/DD'));
Insert into XE.TBL_MEMBER (USER_ID,USER_PW,USER_NAME,EMAIL,POINT,ENABLED,LEVELS,REG_DATE,UPDATE_DATE) values ('user_94','$2a$10$kIqR/PTloYan/MRNiEsy6uYO6OCHVmAKR4kflVKQkJ345nqTiuGeO','관리자',null,null,1,'P_ROLE',to_date('21/01/27','RR/MM/DD'),to_date('21/01/27','RR/MM/DD'));
Insert into XE.TBL_MEMBER (USER_ID,USER_PW,USER_NAME,EMAIL,POINT,ENABLED,LEVELS,REG_DATE,UPDATE_DATE) values ('user_95','$2a$10$kIqR/PTloYan/MRNiEsy6uYO6OCHVmAKR4kflVKQkJ345nqTiuGeO','관리자',null,null,1,'P_ROLE',to_date('21/01/27','RR/MM/DD'),to_date('21/01/27','RR/MM/DD'));
Insert into XE.TBL_MEMBER (USER_ID,USER_PW,USER_NAME,EMAIL,POINT,ENABLED,LEVELS,REG_DATE,UPDATE_DATE) values ('user_96','$2a$10$kIqR/PTloYan/MRNiEsy6uYO6OCHVmAKR4kflVKQkJ345nqTiuGeO','관리자',null,null,1,'P_ROLE',to_date('21/01/27','RR/MM/DD'),to_date('21/01/27','RR/MM/DD'));
Insert into XE.TBL_MEMBER (USER_ID,USER_PW,USER_NAME,EMAIL,POINT,ENABLED,LEVELS,REG_DATE,UPDATE_DATE) values ('user_97','$2a$10$kIqR/PTloYan/MRNiEsy6uYO6OCHVmAKR4kflVKQkJ345nqTiuGeO','관리자',null,null,1,'P_ROLE',to_date('21/01/27','RR/MM/DD'),to_date('21/01/27','RR/MM/DD'));
Insert into XE.TBL_MEMBER (USER_ID,USER_PW,USER_NAME,EMAIL,POINT,ENABLED,LEVELS,REG_DATE,UPDATE_DATE) values ('user_98','$2a$10$kIqR/PTloYan/MRNiEsy6uYO6OCHVmAKR4kflVKQkJ345nqTiuGeO','관리자',null,null,1,'P_ROLE',to_date('21/01/27','RR/MM/DD'),to_date('21/01/27','RR/MM/DD'));
Insert into XE.TBL_MEMBER (USER_ID,USER_PW,USER_NAME,EMAIL,POINT,ENABLED,LEVELS,REG_DATE,UPDATE_DATE) values ('user_99','$2a$10$kIqR/PTloYan/MRNiEsy6uYO6OCHVmAKR4kflVKQkJ345nqTiuGeO','관리자',null,null,1,'P_ROLE',to_date('21/01/27','RR/MM/DD'),to_date('21/01/27','RR/MM/DD'));
Insert into XE.TBL_MEMBER (USER_ID,USER_PW,USER_NAME,EMAIL,POINT,ENABLED,LEVELS,REG_DATE,UPDATE_DATE) values ('admin','$2a$10$kIqR/PTloYan/MRNiEsy6uYO6OCHVmAKR4kflVKQkJ345nqTiuGeO','관리자',null,null,1,'P_ROLE',to_date('21/01/27','RR/MM/DD'),to_date('21/01/27','RR/MM/DD'));
REM INSERTING into XE.TBL_REPLY
SET DEFINE OFF;
REM INSERTING into XE.APEX$_ACL
SET DEFINE OFF;
REM INSERTING into XE.APEX$_WS_FILES
SET DEFINE OFF;
REM INSERTING into XE.APEX$_WS_HISTORY
SET DEFINE OFF;
REM INSERTING into XE.APEX$_WS_LINKS
SET DEFINE OFF;
REM INSERTING into XE.APEX$_WS_NOTES
SET DEFINE OFF;
REM INSERTING into XE.APEX$_WS_ROWS
SET DEFINE OFF;
REM INSERTING into XE.APEX$_WS_TAGS
SET DEFINE OFF;
REM INSERTING into XE.APEX$_WS_WEBPG_SECTIONS
SET DEFINE OFF;
REM INSERTING into XE.APEX$_WS_WEBPG_SECTION_HISTORY
SET DEFINE OFF;
REM INSERTING into XE.BCP_TBL_BOARD
SET DEFINE OFF;
REM INSERTING into XE.BCP_TBL_BOARD_TYPE
SET DEFINE OFF;
REM INSERTING into XE.BCP_TBL_MEMBER
SET DEFINE OFF;
REM INSERTING into XE.BCP_TBL_REPLY
SET DEFINE OFF;
REM INSERTING into XE.DEMO_CUSTOMERS
SET DEFINE OFF;
Insert into XE.DEMO_CUSTOMERS (CUSTOMER_ID,CUST_FIRST_NAME,CUST_LAST_NAME,CUST_STREET_ADDRESS1,CUST_STREET_ADDRESS2,CUST_CITY,CUST_STATE,CUST_POSTAL_CODE,PHONE_NUMBER1,PHONE_NUMBER2,CREDIT_LIMIT,CUST_EMAIL) values (1,'John','Dulles','45020 Aviation Drive',null,'Sterling','VA','20166','703-555-2143',null,1000,null);
Insert into XE.DEMO_CUSTOMERS (CUSTOMER_ID,CUST_FIRST_NAME,CUST_LAST_NAME,CUST_STREET_ADDRESS1,CUST_STREET_ADDRESS2,CUST_CITY,CUST_STATE,CUST_POSTAL_CODE,PHONE_NUMBER1,PHONE_NUMBER2,CREDIT_LIMIT,CUST_EMAIL) values (2,'William','Hartsfield','6000 North Terminal Parkway',null,'Atlanta','GA','30320','404-555-3285',null,1000,null);
Insert into XE.DEMO_CUSTOMERS (CUSTOMER_ID,CUST_FIRST_NAME,CUST_LAST_NAME,CUST_STREET_ADDRESS1,CUST_STREET_ADDRESS2,CUST_CITY,CUST_STATE,CUST_POSTAL_CODE,PHONE_NUMBER1,PHONE_NUMBER2,CREDIT_LIMIT,CUST_EMAIL) values (3,'Edward','Logan','1 Harborside Drive',null,'East Boston','MA','02128','617-555-3295',null,1000,null);
Insert into XE.DEMO_CUSTOMERS (CUSTOMER_ID,CUST_FIRST_NAME,CUST_LAST_NAME,CUST_STREET_ADDRESS1,CUST_STREET_ADDRESS2,CUST_CITY,CUST_STATE,CUST_POSTAL_CODE,PHONE_NUMBER1,PHONE_NUMBER2,CREDIT_LIMIT,CUST_EMAIL) values (4,'Edward "Butch"','OHare','10000 West OHare',null,'Chicago','IL','60666','773-555-7693',null,1000,null);
Insert into XE.DEMO_CUSTOMERS (CUSTOMER_ID,CUST_FIRST_NAME,CUST_LAST_NAME,CUST_STREET_ADDRESS1,CUST_STREET_ADDRESS2,CUST_CITY,CUST_STATE,CUST_POSTAL_CODE,PHONE_NUMBER1,PHONE_NUMBER2,CREDIT_LIMIT,CUST_EMAIL) values (5,'Fiorello','LaGuardia','Hangar Center','Third Floor','Flushing','NY','11371','212-555-3923',null,1000,null);
Insert into XE.DEMO_CUSTOMERS (CUSTOMER_ID,CUST_FIRST_NAME,CUST_LAST_NAME,CUST_STREET_ADDRESS1,CUST_STREET_ADDRESS2,CUST_CITY,CUST_STATE,CUST_POSTAL_CODE,PHONE_NUMBER1,PHONE_NUMBER2,CREDIT_LIMIT,CUST_EMAIL) values (6,'Albert','Lambert','10701 Lambert International Blvd.',null,'St. Louis','MO','63145','314-555-4022',null,1000,null);
Insert into XE.DEMO_CUSTOMERS (CUSTOMER_ID,CUST_FIRST_NAME,CUST_LAST_NAME,CUST_STREET_ADDRESS1,CUST_STREET_ADDRESS2,CUST_CITY,CUST_STATE,CUST_POSTAL_CODE,PHONE_NUMBER1,PHONE_NUMBER2,CREDIT_LIMIT,CUST_EMAIL) values (7,'Eugene','Bradley','Schoephoester Road',null,'Windsor Locks','CT','06096','860-555-1835',null,1000,null);
REM INSERTING into XE.DEMO_ORDERS
SET DEFINE OFF;
Insert into XE.DEMO_ORDERS (ORDER_ID,CUSTOMER_ID,ORDER_TOTAL,ORDER_TIMESTAMP,USER_ID) values (1,7,1890,to_date('21/01/26','RR/MM/DD'),2);
Insert into XE.DEMO_ORDERS (ORDER_ID,CUSTOMER_ID,ORDER_TOTAL,ORDER_TIMESTAMP,USER_ID) values (2,1,2380,to_date('21/01/23','RR/MM/DD'),2);
Insert into XE.DEMO_ORDERS (ORDER_ID,CUSTOMER_ID,ORDER_TOTAL,ORDER_TIMESTAMP,USER_ID) values (3,2,1640,to_date('21/01/17','RR/MM/DD'),2);
Insert into XE.DEMO_ORDERS (ORDER_ID,CUSTOMER_ID,ORDER_TOTAL,ORDER_TIMESTAMP,USER_ID) values (4,5,1090,to_date('21/01/09','RR/MM/DD'),2);
Insert into XE.DEMO_ORDERS (ORDER_ID,CUSTOMER_ID,ORDER_TOTAL,ORDER_TIMESTAMP,USER_ID) values (5,6,950,to_date('21/01/04','RR/MM/DD'),2);
Insert into XE.DEMO_ORDERS (ORDER_ID,CUSTOMER_ID,ORDER_TOTAL,ORDER_TIMESTAMP,USER_ID) values (6,3,1515,to_date('20/12/30','RR/MM/DD'),2);
Insert into XE.DEMO_ORDERS (ORDER_ID,CUSTOMER_ID,ORDER_TOTAL,ORDER_TIMESTAMP,USER_ID) values (7,3,905,to_date('20/12/20','RR/MM/DD'),2);
Insert into XE.DEMO_ORDERS (ORDER_ID,CUSTOMER_ID,ORDER_TOTAL,ORDER_TIMESTAMP,USER_ID) values (8,4,1060,to_date('20/12/18','RR/MM/DD'),2);
Insert into XE.DEMO_ORDERS (ORDER_ID,CUSTOMER_ID,ORDER_TOTAL,ORDER_TIMESTAMP,USER_ID) values (9,2,730,to_date('20/12/07','RR/MM/DD'),2);
Insert into XE.DEMO_ORDERS (ORDER_ID,CUSTOMER_ID,ORDER_TOTAL,ORDER_TIMESTAMP,USER_ID) values (10,7,870,to_date('20/11/23','RR/MM/DD'),2);
REM INSERTING into XE.DEMO_ORDER_ITEMS
SET DEFINE OFF;
Insert into XE.DEMO_ORDER_ITEMS (ORDER_ITEM_ID,ORDER_ID,PRODUCT_ID,UNIT_PRICE,QUANTITY) values (1,1,1,50,10);
Insert into XE.DEMO_ORDER_ITEMS (ORDER_ITEM_ID,ORDER_ID,PRODUCT_ID,UNIT_PRICE,QUANTITY) values (2,1,2,80,8);
Insert into XE.DEMO_ORDER_ITEMS (ORDER_ITEM_ID,ORDER_ID,PRODUCT_ID,UNIT_PRICE,QUANTITY) values (3,1,3,150,5);
Insert into XE.DEMO_ORDER_ITEMS (ORDER_ITEM_ID,ORDER_ID,PRODUCT_ID,UNIT_PRICE,QUANTITY) values (4,2,1,50,3);
Insert into XE.DEMO_ORDER_ITEMS (ORDER_ITEM_ID,ORDER_ID,PRODUCT_ID,UNIT_PRICE,QUANTITY) values (5,2,2,80,3);
Insert into XE.DEMO_ORDER_ITEMS (ORDER_ITEM_ID,ORDER_ID,PRODUCT_ID,UNIT_PRICE,QUANTITY) values (6,2,3,150,3);
Insert into XE.DEMO_ORDER_ITEMS (ORDER_ITEM_ID,ORDER_ID,PRODUCT_ID,UNIT_PRICE,QUANTITY) values (7,2,4,60,3);
Insert into XE.DEMO_ORDER_ITEMS (ORDER_ITEM_ID,ORDER_ID,PRODUCT_ID,UNIT_PRICE,QUANTITY) values (8,2,5,80,3);
Insert into XE.DEMO_ORDER_ITEMS (ORDER_ITEM_ID,ORDER_ID,PRODUCT_ID,UNIT_PRICE,QUANTITY) values (9,2,6,120,2);
Insert into XE.DEMO_ORDER_ITEMS (ORDER_ITEM_ID,ORDER_ID,PRODUCT_ID,UNIT_PRICE,QUANTITY) values (10,2,7,30,2);
Insert into XE.DEMO_ORDER_ITEMS (ORDER_ITEM_ID,ORDER_ID,PRODUCT_ID,UNIT_PRICE,QUANTITY) values (11,2,8,125,4);
Insert into XE.DEMO_ORDER_ITEMS (ORDER_ITEM_ID,ORDER_ID,PRODUCT_ID,UNIT_PRICE,QUANTITY) values (12,2,9,110,2);
Insert into XE.DEMO_ORDER_ITEMS (ORDER_ITEM_ID,ORDER_ID,PRODUCT_ID,UNIT_PRICE,QUANTITY) values (13,2,10,50,2);
Insert into XE.DEMO_ORDER_ITEMS (ORDER_ITEM_ID,ORDER_ID,PRODUCT_ID,UNIT_PRICE,QUANTITY) values (14,3,4,60,4);
Insert into XE.DEMO_ORDER_ITEMS (ORDER_ITEM_ID,ORDER_ID,PRODUCT_ID,UNIT_PRICE,QUANTITY) values (15,3,5,80,4);
Insert into XE.DEMO_ORDER_ITEMS (ORDER_ITEM_ID,ORDER_ID,PRODUCT_ID,UNIT_PRICE,QUANTITY) values (16,3,6,120,4);
Insert into XE.DEMO_ORDER_ITEMS (ORDER_ITEM_ID,ORDER_ID,PRODUCT_ID,UNIT_PRICE,QUANTITY) values (17,3,8,125,4);
Insert into XE.DEMO_ORDER_ITEMS (ORDER_ITEM_ID,ORDER_ID,PRODUCT_ID,UNIT_PRICE,QUANTITY) values (18,3,10,50,2);
Insert into XE.DEMO_ORDER_ITEMS (ORDER_ITEM_ID,ORDER_ID,PRODUCT_ID,UNIT_PRICE,QUANTITY) values (19,4,6,120,2);
Insert into XE.DEMO_ORDER_ITEMS (ORDER_ITEM_ID,ORDER_ID,PRODUCT_ID,UNIT_PRICE,QUANTITY) values (20,4,7,30,6);
Insert into XE.DEMO_ORDER_ITEMS (ORDER_ITEM_ID,ORDER_ID,PRODUCT_ID,UNIT_PRICE,QUANTITY) values (21,4,8,125,2);
Insert into XE.DEMO_ORDER_ITEMS (ORDER_ITEM_ID,ORDER_ID,PRODUCT_ID,UNIT_PRICE,QUANTITY) values (22,4,9,110,2);
Insert into XE.DEMO_ORDER_ITEMS (ORDER_ITEM_ID,ORDER_ID,PRODUCT_ID,UNIT_PRICE,QUANTITY) values (23,4,10,50,4);
Insert into XE.DEMO_ORDER_ITEMS (ORDER_ITEM_ID,ORDER_ID,PRODUCT_ID,UNIT_PRICE,QUANTITY) values (24,5,1,50,3);
Insert into XE.DEMO_ORDER_ITEMS (ORDER_ITEM_ID,ORDER_ID,PRODUCT_ID,UNIT_PRICE,QUANTITY) values (25,5,2,80,2);
Insert into XE.DEMO_ORDER_ITEMS (ORDER_ITEM_ID,ORDER_ID,PRODUCT_ID,UNIT_PRICE,QUANTITY) values (26,5,3,150,2);
Insert into XE.DEMO_ORDER_ITEMS (ORDER_ITEM_ID,ORDER_ID,PRODUCT_ID,UNIT_PRICE,QUANTITY) values (27,5,4,60,3);
Insert into XE.DEMO_ORDER_ITEMS (ORDER_ITEM_ID,ORDER_ID,PRODUCT_ID,UNIT_PRICE,QUANTITY) values (28,5,5,80,2);
Insert into XE.DEMO_ORDER_ITEMS (ORDER_ITEM_ID,ORDER_ID,PRODUCT_ID,UNIT_PRICE,QUANTITY) values (29,6,3,150,3);
Insert into XE.DEMO_ORDER_ITEMS (ORDER_ITEM_ID,ORDER_ID,PRODUCT_ID,UNIT_PRICE,QUANTITY) values (30,6,6,120,3);
Insert into XE.DEMO_ORDER_ITEMS (ORDER_ITEM_ID,ORDER_ID,PRODUCT_ID,UNIT_PRICE,QUANTITY) values (31,6,8,125,3);
Insert into XE.DEMO_ORDER_ITEMS (ORDER_ITEM_ID,ORDER_ID,PRODUCT_ID,UNIT_PRICE,QUANTITY) values (32,6,9,110,3);
Insert into XE.DEMO_ORDER_ITEMS (ORDER_ITEM_ID,ORDER_ID,PRODUCT_ID,UNIT_PRICE,QUANTITY) values (33,7,1,50,2);
Insert into XE.DEMO_ORDER_ITEMS (ORDER_ITEM_ID,ORDER_ID,PRODUCT_ID,UNIT_PRICE,QUANTITY) values (34,7,2,80,2);
Insert into XE.DEMO_ORDER_ITEMS (ORDER_ITEM_ID,ORDER_ID,PRODUCT_ID,UNIT_PRICE,QUANTITY) values (35,7,4,60,2);
Insert into XE.DEMO_ORDER_ITEMS (ORDER_ITEM_ID,ORDER_ID,PRODUCT_ID,UNIT_PRICE,QUANTITY) values (36,7,5,80,2);
Insert into XE.DEMO_ORDER_ITEMS (ORDER_ITEM_ID,ORDER_ID,PRODUCT_ID,UNIT_PRICE,QUANTITY) values (37,7,7,30,3);
Insert into XE.DEMO_ORDER_ITEMS (ORDER_ITEM_ID,ORDER_ID,PRODUCT_ID,UNIT_PRICE,QUANTITY) values (38,7,8,125,1);
Insert into XE.DEMO_ORDER_ITEMS (ORDER_ITEM_ID,ORDER_ID,PRODUCT_ID,UNIT_PRICE,QUANTITY) values (39,7,10,50,3);
Insert into XE.DEMO_ORDER_ITEMS (ORDER_ITEM_ID,ORDER_ID,PRODUCT_ID,UNIT_PRICE,QUANTITY) values (40,8,2,80,2);
Insert into XE.DEMO_ORDER_ITEMS (ORDER_ITEM_ID,ORDER_ID,PRODUCT_ID,UNIT_PRICE,QUANTITY) values (41,8,3,150,3);
Insert into XE.DEMO_ORDER_ITEMS (ORDER_ITEM_ID,ORDER_ID,PRODUCT_ID,UNIT_PRICE,QUANTITY) values (42,8,6,120,1);
Insert into XE.DEMO_ORDER_ITEMS (ORDER_ITEM_ID,ORDER_ID,PRODUCT_ID,UNIT_PRICE,QUANTITY) values (43,8,9,110,3);
Insert into XE.DEMO_ORDER_ITEMS (ORDER_ITEM_ID,ORDER_ID,PRODUCT_ID,UNIT_PRICE,QUANTITY) values (44,9,4,60,4);
Insert into XE.DEMO_ORDER_ITEMS (ORDER_ITEM_ID,ORDER_ID,PRODUCT_ID,UNIT_PRICE,QUANTITY) values (45,9,5,80,3);
Insert into XE.DEMO_ORDER_ITEMS (ORDER_ITEM_ID,ORDER_ID,PRODUCT_ID,UNIT_PRICE,QUANTITY) values (46,9,8,125,2);
Insert into XE.DEMO_ORDER_ITEMS (ORDER_ITEM_ID,ORDER_ID,PRODUCT_ID,UNIT_PRICE,QUANTITY) values (47,10,1,50,5);
Insert into XE.DEMO_ORDER_ITEMS (ORDER_ITEM_ID,ORDER_ID,PRODUCT_ID,UNIT_PRICE,QUANTITY) values (48,10,2,80,4);
Insert into XE.DEMO_ORDER_ITEMS (ORDER_ITEM_ID,ORDER_ID,PRODUCT_ID,UNIT_PRICE,QUANTITY) values (49,10,3,150,2);
REM INSERTING into XE.DEMO_PRODUCT_INFO
SET DEFINE OFF;
Insert into XE.DEMO_PRODUCT_INFO (PRODUCT_ID,PRODUCT_NAME,PRODUCT_DESCRIPTION,CATEGORY,PRODUCT_AVAIL,LIST_PRICE,MIMETYPE,FILENAME,IMAGE_LAST_UPDATE) values (9,'Mens Shoes','Leather upper and lower lace up shoes','Mens','Y',110,'image/jpeg','shoes.jpg',to_date('21/01/27','RR/MM/DD'));
Insert into XE.DEMO_PRODUCT_INFO (PRODUCT_ID,PRODUCT_NAME,PRODUCT_DESCRIPTION,CATEGORY,PRODUCT_AVAIL,LIST_PRICE,MIMETYPE,FILENAME,IMAGE_LAST_UPDATE) values (10,'Wallet','Travel wallet suitable for men and women. Several compartments for credit cards, passports and cash','Accessories','Y',50,'image/jpeg','wallet.jpg',to_date('21/01/27','RR/MM/DD'));
Insert into XE.DEMO_PRODUCT_INFO (PRODUCT_ID,PRODUCT_NAME,PRODUCT_DESCRIPTION,CATEGORY,PRODUCT_AVAIL,LIST_PRICE,MIMETYPE,FILENAME,IMAGE_LAST_UPDATE) values (1,'Business Shirt','Wrinkle-free cotton business shirt','Mens','Y',50,'image/jpeg','shirt.jpg',to_date('21/01/27','RR/MM/DD'));
Insert into XE.DEMO_PRODUCT_INFO (PRODUCT_ID,PRODUCT_NAME,PRODUCT_DESCRIPTION,CATEGORY,PRODUCT_AVAIL,LIST_PRICE,MIMETYPE,FILENAME,IMAGE_LAST_UPDATE) values (2,'Trousers','Black trousers suitable for every business man','Mens','Y',80,'image/jpeg','pants.jpg',to_date('21/01/27','RR/MM/DD'));
Insert into XE.DEMO_PRODUCT_INFO (PRODUCT_ID,PRODUCT_NAME,PRODUCT_DESCRIPTION,CATEGORY,PRODUCT_AVAIL,LIST_PRICE,MIMETYPE,FILENAME,IMAGE_LAST_UPDATE) values (3,'Jacket','Fully lined jacket which is both professional and extremely comfortable to wear','Mens','Y',150,'image/jpeg','jacket.jpg',to_date('21/01/27','RR/MM/DD'));
Insert into XE.DEMO_PRODUCT_INFO (PRODUCT_ID,PRODUCT_NAME,PRODUCT_DESCRIPTION,CATEGORY,PRODUCT_AVAIL,LIST_PRICE,MIMETYPE,FILENAME,IMAGE_LAST_UPDATE) values (4,'Blouse','Silk blouse ideal for all business women','Womens','Y',60,'image/jpeg','blouse.jpg',to_date('21/01/27','RR/MM/DD'));
Insert into XE.DEMO_PRODUCT_INFO (PRODUCT_ID,PRODUCT_NAME,PRODUCT_DESCRIPTION,CATEGORY,PRODUCT_AVAIL,LIST_PRICE,MIMETYPE,FILENAME,IMAGE_LAST_UPDATE) values (5,'Skirt','Wrinkle free skirt','Womens','Y',80,'image/jpeg','skirt.jpg',to_date('21/01/27','RR/MM/DD'));
Insert into XE.DEMO_PRODUCT_INFO (PRODUCT_ID,PRODUCT_NAME,PRODUCT_DESCRIPTION,CATEGORY,PRODUCT_AVAIL,LIST_PRICE,MIMETYPE,FILENAME,IMAGE_LAST_UPDATE) values (6,'Ladies Shoes','Low heel and cushioned interior for comfort and style in simple yet elegant shoes','Womens','Y',120,'image/jpeg','heels.jpg',to_date('21/01/27','RR/MM/DD'));
Insert into XE.DEMO_PRODUCT_INFO (PRODUCT_ID,PRODUCT_NAME,PRODUCT_DESCRIPTION,CATEGORY,PRODUCT_AVAIL,LIST_PRICE,MIMETYPE,FILENAME,IMAGE_LAST_UPDATE) values (7,'Belt','Leather belt','Accessories','Y',30,'image/jpeg','belt.jpg',to_date('21/01/27','RR/MM/DD'));
Insert into XE.DEMO_PRODUCT_INFO (PRODUCT_ID,PRODUCT_NAME,PRODUCT_DESCRIPTION,CATEGORY,PRODUCT_AVAIL,LIST_PRICE,MIMETYPE,FILENAME,IMAGE_LAST_UPDATE) values (8,'Bag','Unisex bag suitable for carrying laptops with room for many additional items','Accessories','Y',125,'image/jpeg','bag.jpg',to_date('21/01/27','RR/MM/DD'));
REM INSERTING into XE.DEMO_STATES
SET DEFINE OFF;
Insert into XE.DEMO_STATES (ST,STATE_NAME) values ('AK','ALASKA');
Insert into XE.DEMO_STATES (ST,STATE_NAME) values ('AL','ALABAMA');
Insert into XE.DEMO_STATES (ST,STATE_NAME) values ('AR','ARKANSAS');
Insert into XE.DEMO_STATES (ST,STATE_NAME) values ('AZ','ARIZONA');
Insert into XE.DEMO_STATES (ST,STATE_NAME) values ('CA','CALIFORNIA');
Insert into XE.DEMO_STATES (ST,STATE_NAME) values ('CO','COLORADO');
Insert into XE.DEMO_STATES (ST,STATE_NAME) values ('CT','CONNECTICUT');
Insert into XE.DEMO_STATES (ST,STATE_NAME) values ('DC','DISTRICT OF COLUMBIA');
Insert into XE.DEMO_STATES (ST,STATE_NAME) values ('DE','DELAWARE');
Insert into XE.DEMO_STATES (ST,STATE_NAME) values ('FL','FLORIDA');
Insert into XE.DEMO_STATES (ST,STATE_NAME) values ('GA','GEORGIA');
Insert into XE.DEMO_STATES (ST,STATE_NAME) values ('HI','HAWAII');
Insert into XE.DEMO_STATES (ST,STATE_NAME) values ('IA','IOWA');
Insert into XE.DEMO_STATES (ST,STATE_NAME) values ('ID','IDAHO');
Insert into XE.DEMO_STATES (ST,STATE_NAME) values ('IL','ILLINOIS');
Insert into XE.DEMO_STATES (ST,STATE_NAME) values ('IN','INDIANA');
Insert into XE.DEMO_STATES (ST,STATE_NAME) values ('KS','KANSAS');
Insert into XE.DEMO_STATES (ST,STATE_NAME) values ('KY','KENTUCKY');
Insert into XE.DEMO_STATES (ST,STATE_NAME) values ('LA','LOUISIANA');
Insert into XE.DEMO_STATES (ST,STATE_NAME) values ('MA','MASSACHUSETTS');
Insert into XE.DEMO_STATES (ST,STATE_NAME) values ('MD','MARYLAND');
Insert into XE.DEMO_STATES (ST,STATE_NAME) values ('ME','MAINE');
Insert into XE.DEMO_STATES (ST,STATE_NAME) values ('MI','MICHIGAN');
Insert into XE.DEMO_STATES (ST,STATE_NAME) values ('MN','MINNESOTA');
Insert into XE.DEMO_STATES (ST,STATE_NAME) values ('MO','MISSOURI');
Insert into XE.DEMO_STATES (ST,STATE_NAME) values ('MS','MISSISSIPPI');
Insert into XE.DEMO_STATES (ST,STATE_NAME) values ('MT','MONTANA');
Insert into XE.DEMO_STATES (ST,STATE_NAME) values ('NC','NORTH CAROLINA');
Insert into XE.DEMO_STATES (ST,STATE_NAME) values ('ND','NORTH DAKOTA');
Insert into XE.DEMO_STATES (ST,STATE_NAME) values ('NE','NEBRASKA');
Insert into XE.DEMO_STATES (ST,STATE_NAME) values ('NH','NEW HAMPSHIRE');
Insert into XE.DEMO_STATES (ST,STATE_NAME) values ('NJ','NEW JERSEY');
Insert into XE.DEMO_STATES (ST,STATE_NAME) values ('NM','NEW MEXICO');
Insert into XE.DEMO_STATES (ST,STATE_NAME) values ('NV','NEVADA');
Insert into XE.DEMO_STATES (ST,STATE_NAME) values ('NY','NEW YORK');
Insert into XE.DEMO_STATES (ST,STATE_NAME) values ('OH','OHIO');
Insert into XE.DEMO_STATES (ST,STATE_NAME) values ('OK','OKLAHOMA');
Insert into XE.DEMO_STATES (ST,STATE_NAME) values ('OR','OREGON');
Insert into XE.DEMO_STATES (ST,STATE_NAME) values ('PA','PENNSYLVANIA');
Insert into XE.DEMO_STATES (ST,STATE_NAME) values ('RI','RHODE ISLAND');
Insert into XE.DEMO_STATES (ST,STATE_NAME) values ('SC','SOUTH CAROLINA');
Insert into XE.DEMO_STATES (ST,STATE_NAME) values ('SD','SOUTH DAKOTA');
Insert into XE.DEMO_STATES (ST,STATE_NAME) values ('TN','TENNESSEE');
Insert into XE.DEMO_STATES (ST,STATE_NAME) values ('TX','TEXAS');
Insert into XE.DEMO_STATES (ST,STATE_NAME) values ('UT','UTAH');
Insert into XE.DEMO_STATES (ST,STATE_NAME) values ('VA','VIRGINIA');
Insert into XE.DEMO_STATES (ST,STATE_NAME) values ('VT','VERMONT');
Insert into XE.DEMO_STATES (ST,STATE_NAME) values ('WA','WASHINGTON');
Insert into XE.DEMO_STATES (ST,STATE_NAME) values ('WI','WISCONSIN');
Insert into XE.DEMO_STATES (ST,STATE_NAME) values ('WV','WEST VIRGINIA');
Insert into XE.DEMO_STATES (ST,STATE_NAME) values ('WY','WYOMING');
REM INSERTING into XE.DEMO_USERS
SET DEFINE OFF;
Insert into XE.DEMO_USERS (USER_ID,USER_NAME,PASSWORD,CREATED_ON,QUOTA,PRODUCTS,EXPIRES_ON,ADMIN_USER) values (1,'ADMIN','0E871D2AE019D5266DE23E9CAEB2FC91',to_date('21/01/27','RR/MM/DD'),null,'Y',null,'Y');
Insert into XE.DEMO_USERS (USER_ID,USER_NAME,PASSWORD,CREATED_ON,QUOTA,PRODUCTS,EXPIRES_ON,ADMIN_USER) values (2,'DEMO','BCC671418167199652D5E0521590D318',to_date('21/01/27','RR/MM/DD'),15000,'Y',null,'N');
REM INSERTING into XE.DEPT
SET DEFINE OFF;
Insert into XE.DEPT (DEPTNO,DNAME,LOC) values (10,'ACCOUNTING','NEW YORK');
Insert into XE.DEPT (DEPTNO,DNAME,LOC) values (20,'RESEARCH','DALLAS');
Insert into XE.DEPT (DEPTNO,DNAME,LOC) values (30,'SALES','CHICAGO');
Insert into XE.DEPT (DEPTNO,DNAME,LOC) values (40,'OPERATIONS','BOSTON');
REM INSERTING into XE.DEPT_NEW
SET DEFINE OFF;
REM INSERTING into XE.EMP
SET DEFINE OFF;
Insert into XE.EMP (EMPNO,ENAME,JOB,MGR,HIREDATE,SAL,COMM,DEPTNO) values (7839,'KING','PRESIDENT',null,to_date('81/11/17','RR/MM/DD'),5000,null,10);
Insert into XE.EMP (EMPNO,ENAME,JOB,MGR,HIREDATE,SAL,COMM,DEPTNO) values (7698,'BLAKE','MANAGER',7839,to_date('81/05/01','RR/MM/DD'),2850,null,30);
Insert into XE.EMP (EMPNO,ENAME,JOB,MGR,HIREDATE,SAL,COMM,DEPTNO) values (7782,'CLARK','MANAGER',7839,to_date('81/06/09','RR/MM/DD'),2450,null,10);
Insert into XE.EMP (EMPNO,ENAME,JOB,MGR,HIREDATE,SAL,COMM,DEPTNO) values (7566,'JONES','MANAGER',7839,to_date('81/04/02','RR/MM/DD'),2975,null,20);
Insert into XE.EMP (EMPNO,ENAME,JOB,MGR,HIREDATE,SAL,COMM,DEPTNO) values (7788,'SCOTT','ANALYST',7566,to_date('82/12/09','RR/MM/DD'),3000,null,20);
Insert into XE.EMP (EMPNO,ENAME,JOB,MGR,HIREDATE,SAL,COMM,DEPTNO) values (7902,'FORD','ANALYST',7566,to_date('81/12/03','RR/MM/DD'),3000,null,20);
Insert into XE.EMP (EMPNO,ENAME,JOB,MGR,HIREDATE,SAL,COMM,DEPTNO) values (7369,'SMITH','CLERK',7902,to_date('80/12/17','RR/MM/DD'),800,null,20);
Insert into XE.EMP (EMPNO,ENAME,JOB,MGR,HIREDATE,SAL,COMM,DEPTNO) values (7499,'ALLEN','SALESMAN',7698,to_date('81/02/20','RR/MM/DD'),1600,300,30);
Insert into XE.EMP (EMPNO,ENAME,JOB,MGR,HIREDATE,SAL,COMM,DEPTNO) values (7521,'WARD','SALESMAN',7698,to_date('81/02/22','RR/MM/DD'),1250,500,30);
Insert into XE.EMP (EMPNO,ENAME,JOB,MGR,HIREDATE,SAL,COMM,DEPTNO) values (7654,'MARTIN','SALESMAN',7698,to_date('81/09/28','RR/MM/DD'),1250,1400,30);
Insert into XE.EMP (EMPNO,ENAME,JOB,MGR,HIREDATE,SAL,COMM,DEPTNO) values (7844,'TURNER','SALESMAN',7698,to_date('81/09/08','RR/MM/DD'),1500,0,30);
Insert into XE.EMP (EMPNO,ENAME,JOB,MGR,HIREDATE,SAL,COMM,DEPTNO) values (7876,'ADAMS','CLERK',7788,to_date('83/01/12','RR/MM/DD'),1100,null,20);
Insert into XE.EMP (EMPNO,ENAME,JOB,MGR,HIREDATE,SAL,COMM,DEPTNO) values (7900,'JAMES','CLERK',7698,to_date('81/12/03','RR/MM/DD'),950,null,30);
Insert into XE.EMP (EMPNO,ENAME,JOB,MGR,HIREDATE,SAL,COMM,DEPTNO) values (7934,'MILLER','CLERK',7782,to_date('82/01/23','RR/MM/DD'),1300,null,10);
--------------------------------------------------------
--  DDL for Index TBL_ATTACH_PK
--------------------------------------------------------

  CREATE UNIQUE INDEX "XE"."TBL_ATTACH_PK" ON "XE"."TBL_ATTACH" ("SAVE_FILE_NAME") 
  PCTFREE 10 INITRANS 2 MAXTRANS 255 COMPUTE STATISTICS 
  STORAGE(INITIAL 65536 NEXT 1048576 MINEXTENTS 1 MAXEXTENTS 2147483645
  PCTINCREASE 0 FREELISTS 1 FREELIST GROUPS 1 BUFFER_POOL DEFAULT FLASH_CACHE DEFAULT CELL_FLASH_CACHE DEFAULT)
  TABLESPACE "USERS" ;
--------------------------------------------------------
--  DDL for Index TBL_BOARD_PK
--------------------------------------------------------

  CREATE UNIQUE INDEX "XE"."TBL_BOARD_PK" ON "XE"."TBL_BOARD" ("BNO") 
  PCTFREE 10 INITRANS 2 MAXTRANS 255 COMPUTE STATISTICS 
  STORAGE(INITIAL 65536 NEXT 1048576 MINEXTENTS 1 MAXEXTENTS 2147483645
  PCTINCREASE 0 FREELISTS 1 FREELIST GROUPS 1 BUFFER_POOL DEFAULT FLASH_CACHE DEFAULT CELL_FLASH_CACHE DEFAULT)
  TABLESPACE "USERS" ;
--------------------------------------------------------
--  DDL for Index TBL_BOARD_TYPE_PK
--------------------------------------------------------

  CREATE UNIQUE INDEX "XE"."TBL_BOARD_TYPE_PK" ON "XE"."TBL_BOARD_TYPE" ("BOARD_TYPE") 
  PCTFREE 10 INITRANS 2 MAXTRANS 255 COMPUTE STATISTICS 
  STORAGE(INITIAL 65536 NEXT 1048576 MINEXTENTS 1 MAXEXTENTS 2147483645
  PCTINCREASE 0 FREELISTS 1 FREELIST GROUPS 1 BUFFER_POOL DEFAULT FLASH_CACHE DEFAULT CELL_FLASH_CACHE DEFAULT)
  TABLESPACE "USERS" ;
--------------------------------------------------------
--  DDL for Index TBL_MEMBER_PK
--------------------------------------------------------

  CREATE UNIQUE INDEX "XE"."TBL_MEMBER_PK" ON "XE"."TBL_MEMBER" ("USER_ID") 
  PCTFREE 10 INITRANS 2 MAXTRANS 255 COMPUTE STATISTICS 
  STORAGE(INITIAL 65536 NEXT 1048576 MINEXTENTS 1 MAXEXTENTS 2147483645
  PCTINCREASE 0 FREELISTS 1 FREELIST GROUPS 1 BUFFER_POOL DEFAULT FLASH_CACHE DEFAULT CELL_FLASH_CACHE DEFAULT)
  TABLESPACE "USERS" ;
--------------------------------------------------------
--  DDL for Index TBL_REPLY_PK
--------------------------------------------------------

  CREATE UNIQUE INDEX "XE"."TBL_REPLY_PK" ON "XE"."TBL_REPLY" ("RNO") 
  PCTFREE 10 INITRANS 2 MAXTRANS 255 COMPUTE STATISTICS 
  STORAGE(INITIAL 65536 NEXT 1048576 MINEXTENTS 1 MAXEXTENTS 2147483645
  PCTINCREASE 0 FREELISTS 1 FREELIST GROUPS 1 BUFFER_POOL DEFAULT FLASH_CACHE DEFAULT CELL_FLASH_CACHE DEFAULT)
  TABLESPACE "USERS" ;
--------------------------------------------------------
--  DDL for Procedure PROC_BOARD_INSERT
--------------------------------------------------------
set define off;

  CREATE OR REPLACE PROCEDURE "XE"."PROC_BOARD_INSERT" 
(
  P_BOARD_TYPE IN VARCHAR2 
, P_COUNT IN NUMBER 
) AS 
BEGIN
  -- 실행방법;쿼리에디터에서 CALL PROC_BOARD_INSERT('notice',50);
  FOR i IN 1..P_COUNT LOOP
        INSERT INTO TBL_BOARD
        (bno,board_type,title,content,writer,reg_date,update_date) 
        VALUES
        (SEQ_BNO.nextval,P_BOARD_TYPE,'게시물테스트','게시물내용테스트','관리자',SYSDATE,SYSDATE);
      END LOOP;
commit;
END PROC_BOARD_INSERT;

/
--------------------------------------------------------
--  DDL for Procedure PROC_MEMBER_INSERT
--------------------------------------------------------
set define off;

  CREATE OR REPLACE PROCEDURE "XE"."PROC_MEMBER_INSERT" 
(
  P_COUNT IN NUMBER 
, P_ROLE IN VARCHAR2 
) AS
V_USER varchar2(20):='user';
BEGIN
  if(P_ROLE='ROLE_ADMIN') then
    V_USER:='admin';
  end if;
    --DELETE TBL_MEMBER WHERE 1= 1;
  -- 실행방법: CALL PROC_MEMBER_INSERT(50,'ROLE_ADMIN');
FOR i IN 1..P_COUNT LOOP
        INSERT INTO TBL_MEMBER
        (user_id,user_pw,user_name,enabled,levels,reg_date,update_date)
        VALUES
        (concat(concat(V_USER,'_'),i) ,'$2a$10$kIqR/PTloYan/MRNiEsy6uYO6OCHVmAKR4kflVKQkJ345nqTiuGeO'
        ,'관리자',1,'ROLE_ADMIN',sysdate,sysdate);
      END LOOP;
   commit;
END PROC_MEMBER_INSERT;

/
--------------------------------------------------------
--  DDL for Function CUSTOM_AUTH
--------------------------------------------------------

  CREATE OR REPLACE FUNCTION "XE"."CUSTOM_AUTH" (p_username in VARCHAR2, p_password in VARCHAR2)
return BOOLEAN
is
  l_password varchar2(4000);
  l_stored_password varchar2(4000);
  l_expires_on date;
  l_count number;
begin
-- First, check to see if the user is in the user table
select count(*) into l_count from demo_users where user_name = p_username;
if l_count > 0 then
  -- First, we fetch the stored hashed password & expire date
  select password, expires_on into l_stored_password, l_expires_on
   from demo_users where user_name = p_username;

  -- Next, we check to see if the user's account is expired
  -- If it is, return FALSE
  if l_expires_on > sysdate or l_expires_on is null then

    -- If the account is not expired, we have to apply the custom hash
    -- function to the password
    l_password := custom_hash(p_username, p_password);

    -- Finally, we compare them to see if they are the same and return
    -- either TRUE or FALSE
    if l_password = l_stored_password then
      return true;
    else
      return false;
    end if;
  else
    return false;
  end if;
else
  -- The username provided is not in the DEMO_USERS table
  return false;
end if;
end;


/
--------------------------------------------------------
--  DDL for Function CUSTOM_HASH
--------------------------------------------------------

  CREATE OR REPLACE FUNCTION "XE"."CUSTOM_HASH" (p_username in varchar2, p_password in varchar2)
return varchar2
is
  l_password varchar2(4000);
  l_salt varchar2(4000) := '3QAZJE5WH1MWY06U9KLZ55ALVVESIM';
begin

-- This function should be wrapped, as the hash algorhythm is exposed here.
-- You can change the value of l_salt or the method of which to call the
-- DBMS_OBFUSCATOIN toolkit, but you much reset all of your passwords
-- if you choose to do this.

l_password := utl_raw.cast_to_raw(dbms_obfuscation_toolkit.md5
  (input_string => p_password || substr(l_salt,10,13) || p_username ||
    substr(l_salt, 4,10)));
return l_password;
end;


/
--------------------------------------------------------
--  Constraints for Table TBL_ATTACH
--------------------------------------------------------

  ALTER TABLE "XE"."TBL_ATTACH" ADD CONSTRAINT "TBL_ATTACH_PK" PRIMARY KEY ("SAVE_FILE_NAME")
  USING INDEX PCTFREE 10 INITRANS 2 MAXTRANS 255 COMPUTE STATISTICS 
  STORAGE(INITIAL 65536 NEXT 1048576 MINEXTENTS 1 MAXEXTENTS 2147483645
  PCTINCREASE 0 FREELISTS 1 FREELIST GROUPS 1 BUFFER_POOL DEFAULT FLASH_CACHE DEFAULT CELL_FLASH_CACHE DEFAULT)
  TABLESPACE "USERS"  ENABLE;
  ALTER TABLE "XE"."TBL_ATTACH" MODIFY ("SAVE_FILE_NAME" NOT NULL ENABLE);
--------------------------------------------------------
--  Constraints for Table TBL_BOARD
--------------------------------------------------------

  ALTER TABLE "XE"."TBL_BOARD" ADD CONSTRAINT "TBL_BOARD_PK" PRIMARY KEY ("BNO")
  USING INDEX PCTFREE 10 INITRANS 2 MAXTRANS 255 COMPUTE STATISTICS 
  STORAGE(INITIAL 65536 NEXT 1048576 MINEXTENTS 1 MAXEXTENTS 2147483645
  PCTINCREASE 0 FREELISTS 1 FREELIST GROUPS 1 BUFFER_POOL DEFAULT FLASH_CACHE DEFAULT CELL_FLASH_CACHE DEFAULT)
  TABLESPACE "USERS"  ENABLE;
  ALTER TABLE "XE"."TBL_BOARD" MODIFY ("BNO" NOT NULL ENABLE);
--------------------------------------------------------
--  Constraints for Table TBL_BOARD_TYPE
--------------------------------------------------------

  ALTER TABLE "XE"."TBL_BOARD_TYPE" ADD CONSTRAINT "TBL_BOARD_TYPE_PK" PRIMARY KEY ("BOARD_TYPE")
  USING INDEX PCTFREE 10 INITRANS 2 MAXTRANS 255 COMPUTE STATISTICS 
  STORAGE(INITIAL 65536 NEXT 1048576 MINEXTENTS 1 MAXEXTENTS 2147483645
  PCTINCREASE 0 FREELISTS 1 FREELIST GROUPS 1 BUFFER_POOL DEFAULT FLASH_CACHE DEFAULT CELL_FLASH_CACHE DEFAULT)
  TABLESPACE "USERS"  ENABLE;
  ALTER TABLE "XE"."TBL_BOARD_TYPE" MODIFY ("BOARD_TYPE" NOT NULL ENABLE);
--------------------------------------------------------
--  Constraints for Table TBL_MEMBER
--------------------------------------------------------

  ALTER TABLE "XE"."TBL_MEMBER" MODIFY ("USER_ID" NOT NULL ENABLE);
  ALTER TABLE "XE"."TBL_MEMBER" ADD CONSTRAINT "TBL_MEMBER_PK" PRIMARY KEY ("USER_ID")
  USING INDEX PCTFREE 10 INITRANS 2 MAXTRANS 255 COMPUTE STATISTICS 
  STORAGE(INITIAL 65536 NEXT 1048576 MINEXTENTS 1 MAXEXTENTS 2147483645
  PCTINCREASE 0 FREELISTS 1 FREELIST GROUPS 1 BUFFER_POOL DEFAULT FLASH_CACHE DEFAULT CELL_FLASH_CACHE DEFAULT)
  TABLESPACE "USERS"  ENABLE;
--------------------------------------------------------
--  Constraints for Table TBL_REPLY
--------------------------------------------------------

  ALTER TABLE "XE"."TBL_REPLY" ADD CONSTRAINT "TBL_REPLY_PK" PRIMARY KEY ("RNO")
  USING INDEX PCTFREE 10 INITRANS 2 MAXTRANS 255 COMPUTE STATISTICS 
  STORAGE(INITIAL 65536 NEXT 1048576 MINEXTENTS 1 MAXEXTENTS 2147483645
  PCTINCREASE 0 FREELISTS 1 FREELIST GROUPS 1 BUFFER_POOL DEFAULT FLASH_CACHE DEFAULT CELL_FLASH_CACHE DEFAULT)
  TABLESPACE "USERS"  ENABLE;
  ALTER TABLE "XE"."TBL_REPLY" MODIFY ("RNO" NOT NULL ENABLE);
--------------------------------------------------------
--  Ref Constraints for Table TBL_ATTACH
--------------------------------------------------------

  ALTER TABLE "XE"."TBL_ATTACH" ADD CONSTRAINT "TBL_ATTACH_TBL_BOARD_FK" FOREIGN KEY ("BNO")
	  REFERENCES "XE"."TBL_BOARD" ("BNO") ENABLE;
--------------------------------------------------------
--  Ref Constraints for Table TBL_REPLY
--------------------------------------------------------

  ALTER TABLE "XE"."TBL_REPLY" ADD CONSTRAINT "TBL_REPLY_TBL_BOARD_FK" FOREIGN KEY ("TBL_BOARD_BNO")
	  REFERENCES "XE"."TBL_BOARD" ("BNO") ENABLE;
